rir_id,space_type,source,rt60_sec,duration_sec,path_bank
rir_medium_room_RVB2014_type1_rir_largeroom1_far_angla_0001,medium_room,openslr28_real,0.79,0.868,data/banks/rir/medium_room/rir_medium_room_RVB2014_type1_rir_largeroom1_far_angla_0001.wav
rir_medium_room_RVB2014_type1_rir_largeroom1_far_anglb_0002,medium_room,openslr28_real,0.793,0.868,data/banks/rir/medium_room/rir_medium_room_RVB2014_type1_rir_largeroom1_far_anglb_0002.wav
rir_medium_room_RVB2014_type1_rir_largeroom1_near_angla_0003,medium_room,openslr28_real,0.803,0.875,data/banks/rir/medium_room/rir_medium_room_RVB2014_type1_rir_largeroom1_near_angla_0003.wav
rir_medium_room_RVB2014_type1_rir_largeroom1_near_anglb_0004,medium_room,openslr28_real,0.815,0.867,data/banks/rir/medium_room/rir_medium_room_RVB2014_type1_rir_largeroom1_near_anglb_0004.wav
rir_medium_room_RVB2014_type1_rir_largeroom2_far_angla_0005,medium_room,openslr28_real,1.02,0.954,data/banks/rir/medium_room/rir_medium_room_RVB2014_type1_rir_largeroom2_far_angla_0005.wav
rir_medium_room_RVB2014_type1_rir_largeroom2_far_anglb_0006,medium_room,openslr28_real,1.026,0.954,data/banks/rir/medium_room/rir_medium_room_RVB2014_type1_rir_largeroom2_far_anglb_0006.wav
rir_medium_room_RVB2014_type1_rir_largeroom2_near_angla_0007,medium_room,openslr28_real,0.698,0.959,data/banks/rir/medium_room/rir_medium_room_RVB2014_type1_rir_largeroom2_near_angla_0007.wav
rir_medium_room_RVB2014_type1_rir_largeroom2_near_anglb_0008,medium_room,openslr28_real,0.688,0.959,data/banks/rir/medium_room/rir_medium_room_RVB2014_type1_rir_largeroom2_near_anglb_0008.wav
rir_medium_room_RVB2014_type1_rir_mediumroom1_far_angla_0009,medium_room,openslr28_real,0.552,0.863,data/banks/rir/medium_room/rir_medium_room_RVB2014_type1_rir_mediumroom1_far_angla_0009.wav
rir_medium_room_RVB2014_type1_rir_mediumroom1_far_anglb_0010,medium_room,openslr28_real,0.551,0.864,data/banks/rir/medium_room/rir_medium_room_RVB2014_type1_rir_mediumroom1_far_anglb_0010.wav
rir_medium_room_RVB2014_type1_rir_mediumroom1_near_angla_0011,medium_room,openslr28_real,0.58,0.867,data/banks/rir/medium_room/rir_medium_room_RVB2014_type1_rir_mediumroom1_near_angla_0011.wav
rir_medium_room_RVB2014_type1_rir_mediumroom1_near_anglb_0012,medium_room,openslr28_real,0.586,0.877,data/banks/rir/medium_room/rir_medium_room_RVB2014_type1_rir_mediumroom1_near_anglb_0012.wav
rir_medium_room_RVB2014_type1_rir_mediumroom2_far_angla_0013,medium_room,openslr28_real,0.64,0.866,data/banks/rir/medium_room/rir_medium_room_RVB2014_type1_rir_mediumroom2_far_angla_0013.wav
rir_medium_room_RVB2014_type1_rir_mediumroom2_far_anglb_0014,medium_room,openslr28_real,0.684,0.867,data/banks/rir/medium_room/rir_medium_room_RVB2014_type1_rir_mediumroom2_far_anglb_0014.wav
rir_small_room_RVB2014_type1_rir_mediumroom2_near_angla_0015,small_room,openslr28_real,0.429,0.869,data/banks/rir/small_room/rir_small_room_RVB2014_type1_rir_mediumroom2_near_angla_0015.wav
rir_small_room_RVB2014_type1_rir_mediumroom2_near_anglb_0016,small_room,openslr28_real,0.492,0.87,data/banks/rir/small_room/rir_small_room_RVB2014_type1_rir_mediumroom2_near_anglb_0016.wav
rir_small_room_RVB2014_type1_rir_smallroom1_far_angla_0017,small_room,openslr28_real,0.266,0.867,data/banks/rir/small_room/rir_small_room_RVB2014_type1_rir_smallroom1_far_angla_0017.wav
rir_small_room_RVB2014_type1_rir_smallroom1_far_anglb_0018,small_room,openslr28_real,0.24,0.867,data/banks/rir/small_room/rir_small_room_RVB2014_type1_rir_smallroom1_far_anglb_0018.wav
rir_small_room_RVB2014_type1_rir_smallroom1_near_angla_0019,small_room,openslr28_real,0.222,0.871,data/banks/rir/small_room/rir_small_room_RVB2014_type1_rir_smallroom1_near_angla_0019.wav
rir_small_room_RVB2014_type1_rir_smallroom1_near_anglb_0020,small_room,openslr28_real,0.211,0.871,data/banks/rir/small_room/rir_small_room_RVB2014_type1_rir_smallroom1_near_anglb_0020.wav
rir_small_room_RVB2014_type1_rir_smallroom2_far_angla_0021,small_room,openslr28_real,0.433,0.954,data/banks/rir/small_room/rir_small_room_RVB2014_type1_rir_smallroom2_far_angla_0021.wav
rir_small_room_RVB2014_type1_rir_smallroom2_far_anglb_0022,small_room,openslr28_real,0.424,0.954,data/banks/rir/small_room/rir_small_room_RVB2014_type1_rir_smallroom2_far_anglb_0022.wav
rir_small_room_RVB2014_type1_rir_smallroom2_near_angla_0023,small_room,openslr28_real,0.338,0.959,data/banks/rir/small_room/rir_small_room_RVB2014_type1_rir_smallroom2_near_angla_0023.wav
rir_small_room_RVB2014_type1_rir_smallroom2_near_anglb_0024,small_room,openslr28_real,0.391,0.959,data/banks/rir/small_room/rir_small_room_RVB2014_type1_rir_smallroom2_near_anglb_0024.wav
rir_small_room_RVB2014_type2_rir_simroom1_far_angla_0025,small_room,openslr28_real,0.248,0.869,data/banks/rir/small_room/rir_small_room_RVB2014_type2_rir_simroom1_far_angla_0025.wav
rir_small_room_RVB2014_type2_rir_simroom1_far_anglb_0026,small_room,openslr28_real,0.22,0.869,data/banks/rir/small_room/rir_small_room_RVB2014_type2_rir_simroom1_far_anglb_0026.wav
rir_small_room_RVB2014_type2_rir_simroom1_near_angla_0027,small_room,openslr28_real,0.205,0.872,data/banks/rir/small_room/rir_small_room_RVB2014_type2_rir_simroom1_near_angla_0027.wav
rir_small_room_RVB2014_type2_rir_simroom1_near_anglb_0028,small_room,openslr28_real,0.168,0.873,data/banks/rir/small_room/rir_small_room_RVB2014_type2_rir_simroom1_near_anglb_0028.wav
rir_medium_room_RVB2014_type2_rir_simroom2_far_angla_0029,medium_room,openslr28_real,0.579,0.954,data/banks/rir/medium_room/rir_medium_room_RVB2014_type2_rir_simroom2_far_angla_0029.wav
rir_medium_room_RVB2014_type2_rir_simroom2_far_anglb_0030,medium_room,openslr28_real,0.592,0.954,data/banks/rir/medium_room/rir_medium_room_RVB2014_type2_rir_simroom2_far_anglb_0030.wav
rir_small_room_RVB2014_type2_rir_simroom2_near_angla_0031,small_room,openslr28_real,0.442,0.959,data/banks/rir/small_room/rir_small_room_RVB2014_type2_rir_simroom2_near_angla_0031.wav
rir_small_room_RVB2014_type2_rir_simroom2_near_anglb_0032,small_room,openslr28_real,0.452,0.959,data/banks/rir/small_room/rir_small_room_RVB2014_type2_rir_simroom2_near_anglb_0032.wav
rir_medium_room_RVB2014_type2_rir_simroom3_far_angla_0033,medium_room,openslr28_real,0.724,0.862,data/banks/rir/medium_room/rir_medium_room_RVB2014_type2_rir_simroom3_far_angla_0033.wav
rir_medium_room_RVB2014_type2_rir_simroom3_far_anglb_0034,medium_room,openslr28_real,0.694,0.871,data/banks/rir/medium_room/rir_medium_room_RVB2014_type2_rir_simroom3_far_anglb_0034.wav
rir_medium_room_RVB2014_type2_rir_simroom3_near_angla_0035,medium_room,openslr28_real,0.541,0.875,data/banks/rir/medium_room/rir_medium_room_RVB2014_type2_rir_simroom3_near_angla_0035.wav
rir_medium_room_RVB2014_type2_rir_simroom3_near_anglb_0036,medium_room,openslr28_real,0.589,0.866,data/banks/rir/medium_room/rir_medium_room_RVB2014_type2_rir_simroom3_near_anglb_0036.wav
rir_small_room_RWCP_type1_rir_circle_ane_imp020_0039,small_room,openslr28_real,0.222,0.104,data/banks/rir/small_room/rir_small_room_RWCP_type1_rir_circle_ane_imp020_0039.wav
rir_small_room_RWCP_type1_rir_circle_ane_imp040_0041,small_room,openslr28_real,0.198,0.104,data/banks/rir/small_room/rir_small_room_RWCP_type1_rir_circle_ane_imp040_0041.wav
rir_small_room_RWCP_type1_rir_circle_ane_imp060_0043,small_room,openslr28_real,0.23,0.104,data/banks/rir/small_room/rir_small_room_RWCP_type1_rir_circle_ane_imp060_0043.wav
rir_small_room_RWCP_type1_rir_circle_ane_imp070_0044,small_room,openslr28_real,0.16,0.104,data/banks/rir/small_room/rir_small_room_RWCP_type1_rir_circle_ane_imp070_0044.wav
rir_small_room_RWCP_type1_rir_circle_ane_imp080_0045,small_room,openslr28_real,0.213,0.104,data/banks/rir/small_room/rir_small_room_RWCP_type1_rir_circle_ane_imp080_0045.wav
rir_small_room_RWCP_type1_rir_circle_ane_imp120_0049,small_room,openslr28_real,0.164,0.104,data/banks/rir/small_room/rir_small_room_RWCP_type1_rir_circle_ane_imp120_0049.wav
rir_small_room_RWCP_type1_rir_circle_ane_imp130_0050,small_room,openslr28_real,0.173,0.104,data/banks/rir/small_room/rir_small_room_RWCP_type1_rir_circle_ane_imp130_0050.wav
rir_small_room_RWCP_type1_rir_circle_ane_imp220_0059,small_room,openslr28_real,0.204,0.104,data/banks/rir/small_room/rir_small_room_RWCP_type1_rir_circle_ane_imp220_0059.wav
rir_small_room_RWCP_type1_rir_circle_e1a_imp090_0073,small_room,openslr28_real,0.172,0.25,data/banks/rir/small_room/rir_small_room_RWCP_type1_rir_circle_e1a_imp090_0073.wav
rir_medium_room_RWCP_type1_rir_circle_e1b_imp000_0074,medium_room,openslr28_real,0.644,0.625,data/banks/rir/medium_room/rir_medium_room_RWCP_type1_rir_circle_e1b_imp000_0074.wav
rir_medium_room_RWCP_type1_rir_circle_e1b_imp010_0075,medium_room,openslr28_real,0.613,0.625,data/banks/rir/medium_room/rir_medium_room_RWCP_type1_rir_circle_e1b_imp010_0075.wav
rir_medium_room_RWCP_type1_rir_circle_e1b_imp020_0076,medium_room,openslr28_real,0.709,0.625,data/banks/rir/medium_room/rir_medium_room_RWCP_type1_rir_circle_e1b_imp020_0076.wav
rir_medium_room_RWCP_type1_rir_circle_e1b_imp030_0077,medium_room,openslr28_real,0.77,0.624,data/banks/rir/medium_room/rir_medium_room_RWCP_type1_rir_circle_e1b_imp030_0077.wav
rir_medium_room_RWCP_type1_rir_circle_e1b_imp040_0078,medium_room,openslr28_real,0.724,0.625,data/banks/rir/medium_room/rir_medium_room_RWCP_type1_rir_circle_e1b_imp040_0078.wav
rir_medium_room_RWCP_type1_rir_circle_e1b_imp050_0079,medium_room,openslr28_real,0.617,0.624,data/banks/rir/medium_room/rir_medium_room_RWCP_type1_rir_circle_e1b_imp050_0079.wav
rir_medium_room_RWCP_type1_rir_circle_e1b_imp060_0080,medium_room,openslr28_real,0.685,0.625,data/banks/rir/medium_room/rir_medium_room_RWCP_type1_rir_circle_e1b_imp060_0080.wav
rir_medium_room_RWCP_type1_rir_circle_e1b_imp070_0081,medium_room,openslr28_real,0.667,0.625,data/banks/rir/medium_room/rir_medium_room_RWCP_type1_rir_circle_e1b_imp070_0081.wav
rir_medium_room_RWCP_type1_rir_circle_e1b_imp080_0082,medium_room,openslr28_real,0.75,0.625,data/banks/rir/medium_room/rir_medium_room_RWCP_type1_rir_circle_e1b_imp080_0082.wav
rir_medium_room_RWCP_type1_rir_circle_e1b_imp090_0083,medium_room,openslr28_real,0.763,0.625,data/banks/rir/medium_room/rir_medium_room_RWCP_type1_rir_circle_e1b_imp090_0083.wav
rir_medium_room_RWCP_type1_rir_circle_e1b_imp100_0084,medium_room,openslr28_real,0.645,0.625,data/banks/rir/medium_room/rir_medium_room_RWCP_type1_rir_circle_e1b_imp100_0084.wav
rir_medium_room_RWCP_type1_rir_circle_e1b_imp110_0085,medium_room,openslr28_real,0.618,0.625,data/banks/rir/medium_room/rir_medium_room_RWCP_type1_rir_circle_e1b_imp110_0085.wav
rir_medium_room_RWCP_type1_rir_circle_e1b_imp120_0086,medium_room,openslr28_real,0.562,0.625,data/banks/rir/medium_room/rir_medium_room_RWCP_type1_rir_circle_e1b_imp120_0086.wav
rir_medium_room_RWCP_type1_rir_circle_e1b_imp130_0087,medium_room,openslr28_real,0.705,0.625,data/banks/rir/medium_room/rir_medium_room_RWCP_type1_rir_circle_e1b_imp130_0087.wav
rir_medium_room_RWCP_type1_rir_circle_e1b_imp140_0088,medium_room,openslr28_real,0.673,0.625,data/banks/rir/medium_room/rir_medium_room_RWCP_type1_rir_circle_e1b_imp140_0088.wav
rir_medium_room_RWCP_type1_rir_circle_e1b_imp150_0089,medium_room,openslr28_real,0.653,0.625,data/banks/rir/medium_room/rir_medium_room_RWCP_type1_rir_circle_e1b_imp150_0089.wav
rir_medium_room_RWCP_type1_rir_circle_e1b_imp160_0090,medium_room,openslr28_real,0.646,0.625,data/banks/rir/medium_room/rir_medium_room_RWCP_type1_rir_circle_e1b_imp160_0090.wav
rir_medium_room_RWCP_type1_rir_circle_e1b_imp170_0091,medium_room,openslr28_real,0.688,0.625,data/banks/rir/medium_room/rir_medium_room_RWCP_type1_rir_circle_e1b_imp170_0091.wav
rir_medium_room_RWCP_type1_rir_circle_e1b_imp180_0092,medium_room,openslr28_real,0.668,0.625,data/banks/rir/medium_room/rir_medium_room_RWCP_type1_rir_circle_e1b_imp180_0092.wav
rir_medium_room_RWCP_type1_rir_circle_e1c_imp000_0093,medium_room,openslr28_real,0.733,0.749,data/banks/rir/medium_room/rir_medium_room_RWCP_type1_rir_circle_e1c_imp000_0093.wav
rir_medium_room_RWCP_type1_rir_circle_e1c_imp010_0094,medium_room,openslr28_real,0.772,0.75,data/banks/rir/medium_room/rir_medium_room_RWCP_type1_rir_circle_e1c_imp010_0094.wav
rir_medium_room_RWCP_type1_rir_circle_e1c_imp020_0095,medium_room,openslr28_real,0.702,0.749,data/banks/rir/medium_room/rir_medium_room_RWCP_type1_rir_circle_e1c_imp020_0095.wav
rir_medium_room_RWCP_type1_rir_circle_e1c_imp030_0096,medium_room,openslr28_real,0.836,0.75,data/banks/rir/medium_room/rir_medium_room_RWCP_type1_rir_circle_e1c_imp030_0096.wav
rir_medium_room_RWCP_type1_rir_circle_e1c_imp040_0097,medium_room,openslr28_real,0.735,0.749,data/banks/rir/medium_room/rir_medium_room_RWCP_type1_rir_circle_e1c_imp040_0097.wav
rir_medium_room_RWCP_type1_rir_circle_e1c_imp050_0098,medium_room,openslr28_real,0.852,0.75,data/banks/rir/medium_room/rir_medium_room_RWCP_type1_rir_circle_e1c_imp050_0098.wav
rir_medium_room_RWCP_type1_rir_circle_e1c_imp060_0099,medium_room,openslr28_real,0.87,0.75,data/banks/rir/medium_room/rir_medium_room_RWCP_type1_rir_circle_e1c_imp060_0099.wav
rir_medium_room_RWCP_type1_rir_circle_e1c_imp070_0100,medium_room,openslr28_real,0.659,0.75,data/banks/rir/medium_room/rir_medium_room_RWCP_type1_rir_circle_e1c_imp070_0100.wav
rir_medium_room_RWCP_type1_rir_circle_e1c_imp080_0101,medium_room,openslr28_real,0.748,0.75,data/banks/rir/medium_room/rir_medium_room_RWCP_type1_rir_circle_e1c_imp080_0101.wav
rir_medium_room_RWCP_type1_rir_circle_e1c_imp090_0102,medium_room,openslr28_real,0.613,0.75,data/banks/rir/medium_room/rir_medium_room_RWCP_type1_rir_circle_e1c_imp090_0102.wav
rir_medium_room_RWCP_type1_rir_circle_e1c_imp100_0103,medium_room,openslr28_real,0.711,0.75,data/banks/rir/medium_room/rir_medium_room_RWCP_type1_rir_circle_e1c_imp100_0103.wav
rir_medium_room_RWCP_type1_rir_circle_e1c_imp110_0104,medium_room,openslr28_real,0.795,0.75,data/banks/rir/medium_room/rir_medium_room_RWCP_type1_rir_circle_e1c_imp110_0104.wav
rir_medium_room_RWCP_type1_rir_circle_e1c_imp120_0105,medium_room,openslr28_real,0.611,0.75,data/banks/rir/medium_room/rir_medium_room_RWCP_type1_rir_circle_e1c_imp120_0105.wav
rir_medium_room_RWCP_type1_rir_circle_e1c_imp130_0106,medium_room,openslr28_real,0.905,0.749,data/banks/rir/medium_room/rir_medium_room_RWCP_type1_rir_circle_e1c_imp130_0106.wav
rir_medium_room_RWCP_type1_rir_circle_e1c_imp140_0107,medium_room,openslr28_real,0.993,0.75,data/banks/rir/medium_room/rir_medium_room_RWCP_type1_rir_circle_e1c_imp140_0107.wav
rir_medium_room_RWCP_type1_rir_circle_e1c_imp150_0108,medium_room,openslr28_real,0.9,0.75,data/banks/rir/medium_room/rir_medium_room_RWCP_type1_rir_circle_e1c_imp150_0108.wav
rir_medium_room_RWCP_type1_rir_circle_e1c_imp160_0109,medium_room,openslr28_real,0.7,0.75,data/banks/rir/medium_room/rir_medium_room_RWCP_type1_rir_circle_e1c_imp160_0109.wav
rir_medium_room_RWCP_type1_rir_circle_e1c_imp170_0110,medium_room,openslr28_real,0.607,0.75,data/banks/rir/medium_room/rir_medium_room_RWCP_type1_rir_circle_e1c_imp170_0110.wav
rir_medium_room_RWCP_type1_rir_circle_e1c_imp180_0111,medium_room,openslr28_real,0.64,0.749,data/banks/rir/medium_room/rir_medium_room_RWCP_type1_rir_circle_e1c_imp180_0111.wav
rir_small_room_RWCP_type1_rir_cirline_e2a_imp010_0112,small_room,openslr28_real,0.334,0.623,data/banks/rir/small_room/rir_small_room_RWCP_type1_rir_cirline_e2a_imp010_0112.wav
rir_small_room_RWCP_type1_rir_cirline_e2a_imp030_0113,small_room,openslr28_real,0.315,0.623,data/banks/rir/small_room/rir_small_room_RWCP_type1_rir_cirline_e2a_imp030_0113.wav
rir_small_room_RWCP_type1_rir_cirline_e2a_imp050_0114,small_room,openslr28_real,0.349,0.623,data/banks/rir/small_room/rir_small_room_RWCP_type1_rir_cirline_e2a_imp050_0114.wav
rir_small_room_RWCP_type1_rir_cirline_e2a_imp070_0115,small_room,openslr28_real,0.372,0.623,data/banks/rir/small_room/rir_small_room_RWCP_type1_rir_cirline_e2a_imp070_0115.wav
rir_small_room_RWCP_type1_rir_cirline_e2a_imp090_0116,small_room,openslr28_real,0.333,0.623,data/banks/rir/small_room/rir_small_room_RWCP_type1_rir_cirline_e2a_imp090_0116.wav
rir_small_room_RWCP_type1_rir_cirline_e2a_imp110_0117,small_room,openslr28_real,0.366,0.623,data/banks/rir/small_room/rir_small_room_RWCP_type1_rir_cirline_e2a_imp110_0117.wav
rir_small_room_RWCP_type1_rir_cirline_e2a_imp130_0118,small_room,openslr28_real,0.317,0.623,data/banks/rir/small_room/rir_small_room_RWCP_type1_rir_cirline_e2a_imp130_0118.wav
rir_small_room_RWCP_type1_rir_cirline_e2a_imp150_0119,small_room,openslr28_real,0.314,0.623,data/banks/rir/small_room/rir_small_room_RWCP_type1_rir_cirline_e2a_imp150_0119.wav
rir_small_room_RWCP_type1_rir_cirline_e2a_imp170_0120,small_room,openslr28_real,0.259,0.623,data/banks/rir/small_room/rir_small_room_RWCP_type1_rir_cirline_e2a_imp170_0120.wav
rir_large_room_RWCP_type1_rir_cirline_e2b_imp010_0121,large_room,openslr28_real,5.006,2.0,data/banks/rir/large_room/rir_large_room_RWCP_type1_rir_cirline_e2b_imp010_0121.wav
rir_medium_room_RWCP_type1_rir_cirline_e2b_imp030_0122,medium_room,openslr28_real,0.969,2.0,data/banks/rir/medium_room/rir_medium_room_RWCP_type1_rir_cirline_e2b_imp030_0122.wav
rir_large_room_RWCP_type1_rir_cirline_e2b_imp050_0123,large_room,openslr28_real,4.482,2.0,data/banks/rir/large_room/rir_large_room_RWCP_type1_rir_cirline_e2b_imp050_0123.wav
rir_large_room_RWCP_type1_rir_cirline_e2b_imp070_0124,large_room,openslr28_real,5.128,2.0,data/banks/rir/large_room/rir_large_room_RWCP_type1_rir_cirline_e2b_imp070_0124.wav
rir_large_room_RWCP_type1_rir_cirline_e2b_imp090_0125,large_room,openslr28_real,1.208,2.0,data/banks/rir/large_room/rir_large_room_RWCP_type1_rir_cirline_e2b_imp090_0125.wav
rir_large_room_RWCP_type1_rir_cirline_e2b_imp110_0126,large_room,openslr28_real,1.845,2.0,data/banks/rir/large_room/rir_large_room_RWCP_type1_rir_cirline_e2b_imp110_0126.wav
rir_medium_room_RWCP_type1_rir_cirline_e2b_imp130_0127,medium_room,openslr28_real,0.992,2.0,data/banks/rir/medium_room/rir_medium_room_RWCP_type1_rir_cirline_e2b_imp130_0127.wav
rir_large_room_RWCP_type1_rir_cirline_e2b_imp150_0128,large_room,openslr28_real,4.409,2.0,data/banks/rir/large_room/rir_large_room_RWCP_type1_rir_cirline_e2b_imp150_0128.wav
rir_large_room_RWCP_type1_rir_cirline_e2b_imp170_0129,large_room,openslr28_real,4.589,2.0,data/banks/rir/large_room/rir_large_room_RWCP_type1_rir_cirline_e2b_imp170_0129.wav
rir_medium_room_RWCP_type1_rir_cirline_jr1_imp050_0130,medium_room,openslr28_real,0.739,1.248,data/banks/rir/medium_room/rir_medium_room_RWCP_type1_rir_cirline_jr1_imp050_0130.wav
rir_large_room_RWCP_type1_rir_cirline_jr1_imp060_0131,large_room,openslr28_real,1.949,1.248,data/banks/rir/large_room/rir_large_room_RWCP_type1_rir_cirline_jr1_imp060_0131.wav
rir_medium_room_RWCP_type1_rir_cirline_jr1_imp070_0132,medium_room,openslr28_real,0.658,1.248,data/banks/rir/medium_room/rir_medium_room_RWCP_type1_rir_cirline_jr1_imp070_0132.wav
rir_large_room_RWCP_type1_rir_cirline_jr1_imp080_0133,large_room,openslr28_real,1.797,1.248,data/banks/rir/large_room/rir_large_room_RWCP_type1_rir_cirline_jr1_imp080_0133.wav
rir_medium_room_RWCP_type1_rir_cirline_jr1_imp090_0134,medium_room,openslr28_real,0.711,1.248,data/banks/rir/medium_room/rir_medium_room_RWCP_type1_rir_cirline_jr1_imp090_0134.wav
rir_medium_room_RWCP_type1_rir_cirline_jr1_imp100_0135,medium_room,openslr28_real,0.783,1.248,data/banks/rir/medium_room/rir_medium_room_RWCP_type1_rir_cirline_jr1_imp100_0135.wav
rir_medium_room_RWCP_type1_rir_cirline_jr1_imp110_0136,medium_room,openslr28_real,0.777,1.248,data/banks/rir/medium_room/rir_medium_room_RWCP_type1_rir_cirline_jr1_imp110_0136.wav
rir_large_room_RWCP_type1_rir_cirline_jr1_imp120_0137,large_room,openslr28_real,1.736,1.248,data/banks/rir/large_room/rir_large_room_RWCP_type1_rir_cirline_jr1_imp120_0137.wav
rir_medium_room_RWCP_type1_rir_cirline_jr1_imp130_0138,medium_room,openslr28_real,0.697,1.248,data/banks/rir/medium_room/rir_medium_room_RWCP_type1_rir_cirline_jr1_imp130_0138.wav
rir_medium_room_RWCP_type1_rir_cirline_jr2_imp060_0139,medium_room,openslr28_real,0.655,0.91,data/banks/rir/medium_room/rir_medium_room_RWCP_type1_rir_cirline_jr2_imp060_0139.wav
rir_medium_room_RWCP_type1_rir_cirline_jr2_imp070_0140,medium_room,openslr28_real,0.524,0.935,data/banks/rir/medium_room/rir_medium_room_RWCP_type1_rir_cirline_jr2_imp070_0140.wav
rir_medium_room_RWCP_type1_rir_cirline_jr2_imp080_0141,medium_room,openslr28_real,0.577,0.935,data/banks/rir/medium_room/rir_medium_room_RWCP_type1_rir_cirline_jr2_imp080_0141.wav
rir_medium_room_RWCP_type1_rir_cirline_jr2_imp090_0142,medium_room,openslr28_real,0.702,0.935,data/banks/rir/medium_room/rir_medium_room_RWCP_type1_rir_cirline_jr2_imp090_0142.wav
rir_medium_room_RWCP_type1_rir_cirline_jr2_imp100_0143,medium_room,openslr28_real,0.506,0.935,data/banks/rir/medium_room/rir_medium_room_RWCP_type1_rir_cirline_jr2_imp100_0143.wav
rir_medium_room_RWCP_type1_rir_cirline_jr2_imp110_0144,medium_room,openslr28_real,0.585,0.935,data/banks/rir/medium_room/rir_medium_room_RWCP_type1_rir_cirline_jr2_imp110_0144.wav
rir_medium_room_RWCP_type1_rir_cirline_jr2_imp120_0145,medium_room,openslr28_real,0.647,0.935,data/banks/rir/medium_room/rir_medium_room_RWCP_type1_rir_cirline_jr2_imp120_0145.wav
rir_medium_room_RWCP_type1_rir_cirline_ofc_imp050_0146,medium_room,openslr28_real,0.978,1.548,data/banks/rir/medium_room/rir_medium_room_RWCP_type1_rir_cirline_ofc_imp050_0146.wav
rir_medium_room_RWCP_type1_rir_cirline_ofc_imp060_0147,medium_room,openslr28_real,0.907,1.56,data/banks/rir/medium_room/rir_medium_room_RWCP_type1_rir_cirline_ofc_imp060_0147.wav
rir_medium_room_RWCP_type1_rir_cirline_ofc_imp070_0148,medium_room,openslr28_real,0.91,1.56,data/banks/rir/medium_room/rir_medium_room_RWCP_type1_rir_cirline_ofc_imp070_0148.wav
rir_medium_room_RWCP_type1_rir_cirline_ofc_imp080_0149,medium_room,openslr28_real,0.778,1.56,data/banks/rir/medium_room/rir_medium_room_RWCP_type1_rir_cirline_ofc_imp080_0149.wav
rir_medium_room_RWCP_type1_rir_cirline_ofc_imp090_0150,medium_room,openslr28_real,0.792,1.56,data/banks/rir/medium_room/rir_medium_room_RWCP_type1_rir_cirline_ofc_imp090_0150.wav
rir_medium_room_RWCP_type1_rir_cirline_ofc_imp100_0151,medium_room,openslr28_real,0.796,1.56,data/banks/rir/medium_room/rir_medium_room_RWCP_type1_rir_cirline_ofc_imp100_0151.wav
rir_large_room_RWCP_type1_rir_cirline_ofc_imp110_0152,large_room,openslr28_real,1.285,1.56,data/banks/rir/large_room/rir_large_room_RWCP_type1_rir_cirline_ofc_imp110_0152.wav
rir_medium_room_RWCP_type1_rir_cirline_ofc_imp120_0153,medium_room,openslr28_real,0.992,1.56,data/banks/rir/medium_room/rir_medium_room_RWCP_type1_rir_cirline_ofc_imp120_0153.wav
rir_medium_room_RWCP_type1_rir_cirline_ofc_imp130_0154,medium_room,openslr28_real,0.911,1.56,data/banks/rir/medium_room/rir_medium_room_RWCP_type1_rir_cirline_ofc_imp130_0154.wav
rir_small_room_RWCP_type2_rir_cirline_e2a_imp050_0160,small_room,openslr28_real,0.308,0.624,data/banks/rir/small_room/rir_small_room_RWCP_type2_rir_cirline_e2a_imp050_0160.wav
rir_small_room_RWCP_type2_rir_cirline_e2a_imp070_0161,small_room,openslr28_real,0.389,0.624,data/banks/rir/small_room/rir_small_room_RWCP_type2_rir_cirline_e2a_imp070_0161.wav
rir_small_room_RWCP_type2_rir_cirline_e2a_imp090_0162,small_room,openslr28_real,0.349,0.624,data/banks/rir/small_room/rir_small_room_RWCP_type2_rir_cirline_e2a_imp090_0162.wav
rir_small_room_RWCP_type2_rir_cirline_e2a_imp110_0163,small_room,openslr28_real,0.379,0.624,data/banks/rir/small_room/rir_small_room_RWCP_type2_rir_cirline_e2a_imp110_0163.wav
rir_small_room_RWCP_type2_rir_cirline_e2a_imp130_0164,small_room,openslr28_real,0.439,0.624,data/banks/rir/small_room/rir_small_room_RWCP_type2_rir_cirline_e2a_imp130_0164.wav
rir_medium_room_RWCP_type2_rir_cirline_e2b_imp050_0165,medium_room,openslr28_real,0.998,2.0,data/banks/rir/medium_room/rir_medium_room_RWCP_type2_rir_cirline_e2b_imp050_0165.wav
rir_medium_room_RWCP_type2_rir_cirline_e2b_imp070_0166,medium_room,openslr28_real,0.877,2.0,data/banks/rir/medium_room/rir_medium_room_RWCP_type2_rir_cirline_e2b_imp070_0166.wav
rir_medium_room_RWCP_type2_rir_cirline_e2b_imp090_0167,medium_room,openslr28_real,0.954,2.0,data/banks/rir/medium_room/rir_medium_room_RWCP_type2_rir_cirline_e2b_imp090_0167.wav
rir_medium_room_RWCP_type2_rir_cirline_e2b_imp110_0168,medium_room,openslr28_real,0.819,2.0,data/banks/rir/medium_room/rir_medium_room_RWCP_type2_rir_cirline_e2b_imp110_0168.wav
rir_medium_room_RWCP_type2_rir_cirline_e2b_imp130_0169,medium_room,openslr28_real,0.916,2.0,data/banks/rir/medium_room/rir_medium_room_RWCP_type2_rir_cirline_e2b_imp130_0169.wav
rir_large_room_RWCP_type2_rir_cirline_jr1_imp050_0170,large_room,openslr28_real,1.576,1.249,data/banks/rir/large_room/rir_large_room_RWCP_type2_rir_cirline_jr1_imp050_0170.wav
rir_large_room_RWCP_type2_rir_cirline_jr1_imp070_0171,large_room,openslr28_real,2.08,1.249,data/banks/rir/large_room/rir_large_room_RWCP_type2_rir_cirline_jr1_imp070_0171.wav
rir_medium_room_RWCP_type2_rir_cirline_jr1_imp090_0172,medium_room,openslr28_real,1.079,1.249,data/banks/rir/medium_room/rir_medium_room_RWCP_type2_rir_cirline_jr1_imp090_0172.wav
rir_large_room_RWCP_type2_rir_cirline_jr1_imp110_0173,large_room,openslr28_real,2.974,1.249,data/banks/rir/large_room/rir_large_room_RWCP_type2_rir_cirline_jr1_imp110_0173.wav
rir_large_room_RWCP_type2_rir_cirline_jr1_imp130_0174,large_room,openslr28_real,3.261,1.249,data/banks/rir/large_room/rir_large_room_RWCP_type2_rir_cirline_jr1_imp130_0174.wav
rir_medium_room_RWCP_type2_rir_cirline_ofc_imp050_0175,medium_room,openslr28_real,0.729,1.561,data/banks/rir/medium_room/rir_medium_room_RWCP_type2_rir_cirline_ofc_imp050_0175.wav
rir_medium_room_RWCP_type2_rir_cirline_ofc_imp070_0176,medium_room,openslr28_real,0.715,1.561,data/banks/rir/medium_room/rir_medium_room_RWCP_type2_rir_cirline_ofc_imp070_0176.wav
rir_medium_room_RWCP_type2_rir_cirline_ofc_imp090_0177,medium_room,openslr28_real,0.687,1.561,data/banks/rir/medium_room/rir_medium_room_RWCP_type2_rir_cirline_ofc_imp090_0177.wav
rir_medium_room_RWCP_type2_rir_cirline_ofc_imp110_0178,medium_room,openslr28_real,0.757,1.561,data/banks/rir/medium_room/rir_medium_room_RWCP_type2_rir_cirline_ofc_imp110_0178.wav
rir_medium_room_RWCP_type2_rir_cirline_ofc_imp130_0179,medium_room,openslr28_real,0.848,1.561,data/banks/rir/medium_room/rir_medium_room_RWCP_type2_rir_cirline_ofc_imp130_0179.wav
rir_medium_room_RWCP_type3_rir_cirline_ofc_imp_rev_0180,medium_room,openslr28_real,0.918,1.546,data/banks/rir/medium_room/rir_medium_room_RWCP_type3_rir_cirline_ofc_imp_rev_0180.wav
rir_large_room_RWCP_type4_rir_000l_0181,large_room,openslr28_real,4.012,1.365,data/banks/rir/large_room/rir_large_room_RWCP_type4_rir_000l_0181.wav
rir_large_room_RWCP_type4_rir_000r_0182,large_room,openslr28_real,3.75,1.365,data/banks/rir/large_room/rir_large_room_RWCP_type4_rir_000r_0182.wav
rir_large_room_RWCP_type4_rir_m10l_0183,large_room,openslr28_real,3.941,1.365,data/banks/rir/large_room/rir_large_room_RWCP_type4_rir_m10l_0183.wav
rir_large_room_RWCP_type4_rir_m10r_0184,large_room,openslr28_real,4.294,1.365,data/banks/rir/large_room/rir_large_room_RWCP_type4_rir_m10r_0184.wav
rir_large_room_RWCP_type4_rir_m20l_0185,large_room,openslr28_real,3.979,1.364,data/banks/rir/large_room/rir_large_room_RWCP_type4_rir_m20l_0185.wav
rir_large_room_RWCP_type4_rir_m20r_0186,large_room,openslr28_real,3.74,1.365,data/banks/rir/large_room/rir_large_room_RWCP_type4_rir_m20r_0186.wav
rir_large_room_RWCP_type4_rir_m30l_0187,large_room,openslr28_real,4.207,1.364,data/banks/rir/large_room/rir_large_room_RWCP_type4_rir_m30l_0187.wav
rir_large_room_RWCP_type4_rir_m30r_0188,large_room,openslr28_real,3.988,1.365,data/banks/rir/large_room/rir_large_room_RWCP_type4_rir_m30r_0188.wav
rir_large_room_RWCP_type4_rir_m40l_0189,large_room,openslr28_real,4.147,1.364,data/banks/rir/large_room/rir_large_room_RWCP_type4_rir_m40l_0189.wav
rir_large_room_RWCP_type4_rir_m40r_0190,large_room,openslr28_real,3.941,1.365,data/banks/rir/large_room/rir_large_room_RWCP_type4_rir_m40r_0190.wav
rir_large_room_RWCP_type4_rir_m50l_0191,large_room,openslr28_real,4.142,1.364,data/banks/rir/large_room/rir_large_room_RWCP_type4_rir_m50l_0191.wav
rir_large_room_RWCP_type4_rir_m50r_0192,large_room,openslr28_real,4.045,1.364,data/banks/rir/large_room/rir_large_room_RWCP_type4_rir_m50r_0192.wav
rir_large_room_RWCP_type4_rir_m60l_0193,large_room,openslr28_real,4.079,1.364,data/banks/rir/large_room/rir_large_room_RWCP_type4_rir_m60l_0193.wav
rir_large_room_RWCP_type4_rir_m60r_0194,large_room,openslr28_real,4.238,1.365,data/banks/rir/large_room/rir_large_room_RWCP_type4_rir_m60r_0194.wav
rir_large_room_RWCP_type4_rir_m70l_0195,large_room,openslr28_real,4.067,1.364,data/banks/rir/large_room/rir_large_room_RWCP_type4_rir_m70l_0195.wav
rir_large_room_RWCP_type4_rir_m70r_0196,large_room,openslr28_real,3.904,1.365,data/banks/rir/large_room/rir_large_room_RWCP_type4_rir_m70r_0196.wav
rir_large_room_RWCP_type4_rir_m80l_0197,large_room,openslr28_real,4.042,1.364,data/banks/rir/large_room/rir_large_room_RWCP_type4_rir_m80l_0197.wav
rir_large_room_RWCP_type4_rir_m80r_0198,large_room,openslr28_real,3.553,1.365,data/banks/rir/large_room/rir_large_room_RWCP_type4_rir_m80r_0198.wav
rir_large_room_RWCP_type4_rir_m90l_0199,large_room,openslr28_real,3.851,1.364,data/banks/rir/large_room/rir_large_room_RWCP_type4_rir_m90l_0199.wav
rir_large_room_RWCP_type4_rir_m90r_0200,large_room,openslr28_real,3.421,1.365,data/banks/rir/large_room/rir_large_room_RWCP_type4_rir_m90r_0200.wav
rir_large_room_RWCP_type4_rir_p10l_0201,large_room,openslr28_real,4.355,1.365,data/banks/rir/large_room/rir_large_room_RWCP_type4_rir_p10l_0201.wav
rir_large_room_RWCP_type4_rir_p10r_0202,large_room,openslr28_real,3.804,1.365,data/banks/rir/large_room/rir_large_room_RWCP_type4_rir_p10r_0202.wav
rir_large_room_RWCP_type4_rir_p20l_0203,large_room,openslr28_real,4.242,1.365,data/banks/rir/large_room/rir_large_room_RWCP_type4_rir_p20l_0203.wav
rir_large_room_RWCP_type4_rir_p20r_0204,large_room,openslr28_real,3.836,1.364,data/banks/rir/large_room/rir_large_room_RWCP_type4_rir_p20r_0204.wav
rir_large_room_RWCP_type4_rir_p30l_0205,large_room,openslr28_real,4.268,1.365,data/banks/rir/large_room/rir_large_room_RWCP_type4_rir_p30l_0205.wav
rir_large_room_RWCP_type4_rir_p30r_0206,large_room,openslr28_real,3.939,1.364,data/banks/rir/large_room/rir_large_room_RWCP_type4_rir_p30r_0206.wav
rir_large_room_RWCP_type4_rir_p40l_0207,large_room,openslr28_real,4.036,1.365,data/banks/rir/large_room/rir_large_room_RWCP_type4_rir_p40l_0207.wav
rir_large_room_RWCP_type4_rir_p40r_0208,large_room,openslr28_real,3.892,1.364,data/banks/rir/large_room/rir_large_room_RWCP_type4_rir_p40r_0208.wav
rir_large_room_RWCP_type4_rir_p50l_0209,large_room,openslr28_real,4.161,1.365,data/banks/rir/large_room/rir_large_room_RWCP_type4_rir_p50l_0209.wav
rir_large_room_RWCP_type4_rir_p50r_0210,large_room,openslr28_real,3.924,1.364,data/banks/rir/large_room/rir_large_room_RWCP_type4_rir_p50r_0210.wav
rir_large_room_RWCP_type4_rir_p60l_0211,large_room,openslr28_real,4.366,1.365,data/banks/rir/large_room/rir_large_room_RWCP_type4_rir_p60l_0211.wav
rir_large_room_RWCP_type4_rir_p60r_0212,large_room,openslr28_real,4.187,1.364,data/banks/rir/large_room/rir_large_room_RWCP_type4_rir_p60r_0212.wav
rir_large_room_RWCP_type4_rir_p70l_0213,large_room,openslr28_real,3.748,1.365,data/banks/rir/large_room/rir_large_room_RWCP_type4_rir_p70l_0213.wav
rir_large_room_RWCP_type4_rir_p70r_0214,large_room,openslr28_real,4.002,1.365,data/banks/rir/large_room/rir_large_room_RWCP_type4_rir_p70r_0214.wav
rir_large_room_RWCP_type4_rir_p80l_0215,large_room,openslr28_real,3.631,1.365,data/banks/rir/large_room/rir_large_room_RWCP_type4_rir_p80l_0215.wav
rir_large_room_RWCP_type4_rir_p80r_0216,large_room,openslr28_real,4.015,1.364,data/banks/rir/large_room/rir_large_room_RWCP_type4_rir_p80r_0216.wav
rir_large_room_RWCP_type4_rir_p90l_0217,large_room,openslr28_real,3.317,1.365,data/banks/rir/large_room/rir_large_room_RWCP_type4_rir_p90l_0217.wav
rir_large_room_RWCP_type4_rir_p90r_0218,large_room,openslr28_real,4.042,1.364,data/banks/rir/large_room/rir_large_room_RWCP_type4_rir_p90r_0218.wav
rir_large_room_Room001-00009_0219,large_room,openslr28_sim,2.414,1.995,data/banks/rir/large_room/rir_large_room_Room001-00009_0219.wav
rir_large_room_Room004-00032_0220,large_room,openslr28_sim,1.761,1.996,data/banks/rir/large_room/rir_large_room_Room004-00032_0220.wav
rir_medium_room_Room005-00017_0221,medium_room,openslr28_sim,1.139,1.998,data/banks/rir/medium_room/rir_medium_room_Room005-00017_0221.wav
rir_medium_room_Room005-00068_0222,medium_room,openslr28_sim,0.693,2.0,data/banks/rir/medium_room/rir_medium_room_Room005-00068_0222.wav
rir_large_room_Room006-00058_0223,large_room,openslr28_sim,2.503,1.991,data/banks/rir/large_room/rir_large_room_Room006-00058_0223.wav
rir_medium_room_Room009-00034_0224,medium_room,openslr28_sim,1.15,1.996,data/banks/rir/medium_room/rir_medium_room_Room009-00034_0224.wav
rir_large_room_Room010-00007_0225,large_room,openslr28_sim,1.385,1.998,data/banks/rir/large_room/rir_large_room_Room010-00007_0225.wav
rir_large_room_Room010-00026_0226,large_room,openslr28_sim,2.206,1.99,data/banks/rir/large_room/rir_large_room_Room010-00026_0226.wav
rir_large_room_Room012-00090_0227,large_room,openslr28_sim,1.993,1.991,data/banks/rir/large_room/rir_large_room_Room012-00090_0227.wav
rir_large_room_Room014-00012_0228,large_room,openslr28_sim,2.633,1.994,data/banks/rir/large_room/rir_large_room_Room014-00012_0228.wav
rir_large_room_Room018-00050_0229,large_room,openslr28_sim,3.398,1.99,data/banks/rir/large_room/rir_large_room_Room018-00050_0229.wav
rir_large_room_Room018-00085_0230,large_room,openslr28_sim,1.687,1.997,data/banks/rir/large_room/rir_large_room_Room018-00085_0230.wav
rir_large_room_Room019-00065_0231,large_room,openslr28_sim,1.658,1.992,data/banks/rir/large_room/rir_large_room_Room019-00065_0231.wav
rir_medium_room_Room021-00043_0232,medium_room,openslr28_sim,0.689,1.998,data/banks/rir/medium_room/rir_medium_room_Room021-00043_0232.wav
rir_large_room_Room022-00069_0233,large_room,openslr28_sim,2.8,1.991,data/banks/rir/large_room/rir_large_room_Room022-00069_0233.wav
rir_large_room_Room029-00076_0234,large_room,openslr28_sim,2.829,1.992,data/banks/rir/large_room/rir_large_room_Room029-00076_0234.wav
rir_large_room_Room033-00092_0235,large_room,openslr28_sim,2.045,1.991,data/banks/rir/large_room/rir_large_room_Room033-00092_0235.wav
rir_large_room_Room033-00099_0236,large_room,openslr28_sim,1.779,1.994,data/banks/rir/large_room/rir_large_room_Room033-00099_0236.wav
rir_large_room_Room034-00065_0237,large_room,openslr28_sim,1.918,1.993,data/banks/rir/large_room/rir_large_room_Room034-00065_0237.wav
rir_small_room_Room034-00095_0238,small_room,openslr28_sim,0.375,2.0,data/banks/rir/small_room/rir_small_room_Room034-00095_0238.wav
rir_large_room_Room036-00093_0239,large_room,openslr28_sim,1.82,1.992,data/banks/rir/large_room/rir_large_room_Room036-00093_0239.wav
rir_large_room_Room037-00038_0240,large_room,openslr28_sim,2.109,1.998,data/banks/rir/large_room/rir_large_room_Room037-00038_0240.wav
rir_large_room_Room038-00038_0241,large_room,openslr28_sim,1.817,1.992,data/banks/rir/large_room/rir_large_room_Room038-00038_0241.wav
rir_large_room_Room038-00091_0242,large_room,openslr28_sim,1.679,1.994,data/banks/rir/large_room/rir_large_room_Room038-00091_0242.wav
rir_large_room_Room040-00009_0243,large_room,openslr28_sim,2.07,1.993,data/banks/rir/large_room/rir_large_room_Room040-00009_0243.wav
rir_large_room_Room040-00095_0244,large_room,openslr28_sim,2.191,1.991,data/banks/rir/large_room/rir_large_room_Room040-00095_0244.wav
rir_large_room_Room041-00038_0245,large_room,openslr28_sim,2.16,1.991,data/banks/rir/large_room/rir_large_room_Room041-00038_0245.wav
rir_large_room_Room043-00055_0246,large_room,openslr28_sim,1.335,1.996,data/banks/rir/large_room/rir_large_room_Room043-00055_0246.wav
rir_large_room_Room043-00086_0247,large_room,openslr28_sim,2.164,1.994,data/banks/rir/large_room/rir_large_room_Room043-00086_0247.wav
rir_large_room_Room044-00073_0248,large_room,openslr28_sim,2.195,1.994,data/banks/rir/large_room/rir_large_room_Room044-00073_0248.wav
rir_large_room_Room045-00077_0249,large_room,openslr28_sim,1.919,1.996,data/banks/rir/large_room/rir_large_room_Room045-00077_0249.wav
rir_medium_room_Room046-00013_0250,medium_room,openslr28_sim,0.537,1.998,data/banks/rir/medium_room/rir_medium_room_Room046-00013_0250.wav
rir_large_room_Room048-00023_0251,large_room,openslr28_sim,2.136,1.99,data/banks/rir/large_room/rir_large_room_Room048-00023_0251.wav
rir_large_room_Room049-00069_0252,large_room,openslr28_sim,1.629,2.0,data/banks/rir/large_room/rir_large_room_Room049-00069_0252.wav
rir_large_room_Room049-00074_0253,large_room,openslr28_sim,2.16,1.994,data/banks/rir/large_room/rir_large_room_Room049-00074_0253.wav
rir_large_room_Room050-00019_0254,large_room,openslr28_sim,1.514,1.998,data/banks/rir/large_room/rir_large_room_Room050-00019_0254.wav
rir_medium_room_Room051-00036_0255,medium_room,openslr28_sim,0.754,1.999,data/banks/rir/medium_room/rir_medium_room_Room051-00036_0255.wav
rir_large_room_Room052-00022_0256,large_room,openslr28_sim,2.052,1.996,data/banks/rir/large_room/rir_large_room_Room052-00022_0256.wav
rir_large_room_Room053-00021_0257,large_room,openslr28_sim,2.398,1.992,data/banks/rir/large_room/rir_large_room_Room053-00021_0257.wav
rir_large_room_Room053-00023_0258,large_room,openslr28_sim,2.358,1.993,data/banks/rir/large_room/rir_large_room_Room053-00023_0258.wav
rir_large_room_Room053-00066_0259,large_room,openslr28_sim,2.486,1.992,data/banks/rir/large_room/rir_large_room_Room053-00066_0259.wav
rir_medium_room_Room055-00001_0260,medium_room,openslr28_sim,0.718,1.999,data/banks/rir/medium_room/rir_medium_room_Room055-00001_0260.wav
rir_large_room_Room055-00071_0261,large_room,openslr28_sim,1.765,1.995,data/banks/rir/large_room/rir_large_room_Room055-00071_0261.wav
rir_medium_room_Room058-00098_0262,medium_room,openslr28_sim,1.163,1.998,data/banks/rir/medium_room/rir_medium_room_Room058-00098_0262.wav
rir_large_room_Room060-00094_0263,large_room,openslr28_sim,2.159,1.993,data/banks/rir/large_room/rir_large_room_Room060-00094_0263.wav
rir_large_room_Room063-00037_0264,large_room,openslr28_sim,2.047,1.996,data/banks/rir/large_room/rir_large_room_Room063-00037_0264.wav
rir_large_room_Room064-00055_0265,large_room,openslr28_sim,2.061,1.995,data/banks/rir/large_room/rir_large_room_Room064-00055_0265.wav
rir_large_room_Room064-00097_0266,large_room,openslr28_sim,1.937,1.996,data/banks/rir/large_room/rir_large_room_Room064-00097_0266.wav
rir_large_room_Room066-00051_0267,large_room,openslr28_sim,1.577,1.995,data/banks/rir/large_room/rir_large_room_Room066-00051_0267.wav
rir_large_room_Room067-00081_0268,large_room,openslr28_sim,2.186,1.993,data/banks/rir/large_room/rir_large_room_Room067-00081_0268.wav
rir_medium_room_Room068-00062_0269,medium_room,openslr28_sim,1.023,1.998,data/banks/rir/medium_room/rir_medium_room_Room068-00062_0269.wav
rir_large_room_Room069-00049_0270,large_room,openslr28_sim,2.244,1.994,data/banks/rir/large_room/rir_large_room_Room069-00049_0270.wav
rir_medium_room_Room070-00029_0271,medium_room,openslr28_sim,0.647,2.0,data/banks/rir/medium_room/rir_medium_room_Room070-00029_0271.wav
rir_large_room_Room076-00002_0272,large_room,openslr28_sim,2.207,1.994,data/banks/rir/large_room/rir_large_room_Room076-00002_0272.wav
rir_medium_room_Room076-00022_0273,medium_room,openslr28_sim,0.783,1.998,data/banks/rir/medium_room/rir_medium_room_Room076-00022_0273.wav
rir_large_room_Room079-00051_0274,large_room,openslr28_sim,2.163,1.995,data/banks/rir/large_room/rir_large_room_Room079-00051_0274.wav
rir_large_room_Room079-00097_0275,large_room,openslr28_sim,1.908,1.998,data/banks/rir/large_room/rir_large_room_Room079-00097_0275.wav
rir_large_room_Room083-00034_0276,large_room,openslr28_sim,1.65,1.994,data/banks/rir/large_room/rir_large_room_Room083-00034_0276.wav
rir_medium_room_Room083-00100_0277,medium_room,openslr28_sim,0.588,2.0,data/banks/rir/medium_room/rir_medium_room_Room083-00100_0277.wav
rir_medium_room_Room085-00031_0278,medium_room,openslr28_sim,0.757,1.997,data/banks/rir/medium_room/rir_medium_room_Room085-00031_0278.wav
rir_large_room_Room091-00004_0279,large_room,openslr28_sim,1.891,1.991,data/banks/rir/large_room/rir_large_room_Room091-00004_0279.wav
rir_large_room_Room091-00083_0280,large_room,openslr28_sim,1.954,1.991,data/banks/rir/large_room/rir_large_room_Room091-00083_0280.wav
rir_large_room_Room092-00041_0281,large_room,openslr28_sim,2.275,1.991,data/banks/rir/large_room/rir_large_room_Room092-00041_0281.wav
rir_large_room_Room094-00050_0282,large_room,openslr28_sim,2.166,1.991,data/banks/rir/large_room/rir_large_room_Room094-00050_0282.wav
rir_large_room_Room097-00040_0283,large_room,openslr28_sim,2.281,1.995,data/banks/rir/large_room/rir_large_room_Room097-00040_0283.wav
rir_large_room_Room098-00045_0284,large_room,openslr28_sim,1.219,1.997,data/banks/rir/large_room/rir_large_room_Room098-00045_0284.wav
rir_large_room_Room098-00099_0285,large_room,openslr28_sim,2.266,1.992,data/banks/rir/large_room/rir_large_room_Room098-00099_0285.wav
rir_large_room_Room099-00074_0286,large_room,openslr28_sim,2.215,1.993,data/banks/rir/large_room/rir_large_room_Room099-00074_0286.wav
rir_large_room_Room099-00084_0287,large_room,openslr28_sim,2.26,1.991,data/banks/rir/large_room/rir_large_room_Room099-00084_0287.wav
rir_large_room_Room099-00093_0288,large_room,openslr28_sim,1.782,1.999,data/banks/rir/large_room/rir_large_room_Room099-00093_0288.wav
rir_large_room_Room100-00008_0289,large_room,openslr28_sim,2.107,1.996,data/banks/rir/large_room/rir_large_room_Room100-00008_0289.wav
rir_large_room_Room100-00049_0290,large_room,openslr28_sim,2.334,1.992,data/banks/rir/large_room/rir_large_room_Room100-00049_0290.wav
rir_large_room_Room100-00052_0291,large_room,openslr28_sim,2.451,1.992,data/banks/rir/large_room/rir_large_room_Room100-00052_0291.wav
rir_medium_room_Room102-00035_0292,medium_room,openslr28_sim,0.655,2.0,data/banks/rir/medium_room/rir_medium_room_Room102-00035_0292.wav
rir_large_room_Room102-00039_0293,large_room,openslr28_sim,1.243,1.993,data/banks/rir/large_room/rir_large_room_Room102-00039_0293.wav
rir_large_room_Room103-00087_0294,large_room,openslr28_sim,1.622,1.993,data/banks/rir/large_room/rir_large_room_Room103-00087_0294.wav
rir_small_room_Room110-00002_0295,small_room,openslr28_sim,0.34,2.0,data/banks/rir/small_room/rir_small_room_Room110-00002_0295.wav
rir_large_room_Room110-00018_0296,large_room,openslr28_sim,1.903,1.995,data/banks/rir/large_room/rir_large_room_Room110-00018_0296.wav
rir_small_room_Room110-00027_0297,small_room,openslr28_sim,0.373,2.0,data/banks/rir/small_room/rir_small_room_Room110-00027_0297.wav
rir_medium_room_Room111-00005_0298,medium_room,openslr28_sim,0.576,2.0,data/banks/rir/medium_room/rir_medium_room_Room111-00005_0298.wav
rir_large_room_Room120-00061_0299,large_room,openslr28_sim,1.974,1.991,data/banks/rir/large_room/rir_large_room_Room120-00061_0299.wav
rir_large_room_Room121-00085_0300,large_room,openslr28_sim,1.983,1.991,data/banks/rir/large_room/rir_large_room_Room121-00085_0300.wav
rir_large_room_Room130-00032_0301,large_room,openslr28_sim,2.473,1.993,data/banks/rir/large_room/rir_large_room_Room130-00032_0301.wav
rir_large_room_Room130-00057_0302,large_room,openslr28_sim,2.86,1.992,data/banks/rir/large_room/rir_large_room_Room130-00057_0302.wav
rir_medium_room_Room131-00001_0303,medium_room,openslr28_sim,0.626,2.0,data/banks/rir/medium_room/rir_medium_room_Room131-00001_0303.wav
rir_large_room_Room133-00046_0304,large_room,openslr28_sim,2.286,1.991,data/banks/rir/large_room/rir_large_room_Room133-00046_0304.wav
rir_large_room_Room134-00032_0305,large_room,openslr28_sim,1.504,1.994,data/banks/rir/large_room/rir_large_room_Room134-00032_0305.wav
rir_large_room_Room139-00090_0306,large_room,openslr28_sim,2.638,1.994,data/banks/rir/large_room/rir_large_room_Room139-00090_0306.wav
rir_large_room_Room140-00052_0307,large_room,openslr28_sim,1.807,1.994,data/banks/rir/large_room/rir_large_room_Room140-00052_0307.wav
rir_large_room_Room140-00095_0308,large_room,openslr28_sim,1.464,1.996,data/banks/rir/large_room/rir_large_room_Room140-00095_0308.wav
rir_large_room_Room143-00020_0309,large_room,openslr28_sim,2.031,1.997,data/banks/rir/large_room/rir_large_room_Room143-00020_0309.wav
rir_large_room_Room143-00032_0310,large_room,openslr28_sim,2.299,1.992,data/banks/rir/large_room/rir_large_room_Room143-00032_0310.wav
rir_large_room_Room147-00083_0311,large_room,openslr28_sim,1.439,1.993,data/banks/rir/large_room/rir_large_room_Room147-00083_0311.wav
rir_large_room_Room148-00048_0312,large_room,openslr28_sim,2.324,1.991,data/banks/rir/large_room/rir_large_room_Room148-00048_0312.wav
rir_large_room_Room150-00067_0313,large_room,openslr28_sim,3.244,1.994,data/banks/rir/large_room/rir_large_room_Room150-00067_0313.wav
rir_large_room_Room153-00083_0314,large_room,openslr28_sim,1.997,1.994,data/banks/rir/large_room/rir_large_room_Room153-00083_0314.wav
rir_large_room_Room157-00070_0315,large_room,openslr28_sim,2.162,1.991,data/banks/rir/large_room/rir_large_room_Room157-00070_0315.wav
rir_large_room_Room161-00075_0316,large_room,openslr28_sim,1.937,1.994,data/banks/rir/large_room/rir_large_room_Room161-00075_0316.wav
rir_medium_room_Room162-00074_0317,medium_room,openslr28_sim,1.114,1.997,data/banks/rir/medium_room/rir_medium_room_Room162-00074_0317.wav
rir_large_room_Room163-00040_0318,large_room,openslr28_sim,1.731,1.996,data/banks/rir/large_room/rir_large_room_Room163-00040_0318.wav
rir_large_room_Room164-00065_0319,large_room,openslr28_sim,2.15,1.995,data/banks/rir/large_room/rir_large_room_Room164-00065_0319.wav
rir_large_room_Room168-00036_0320,large_room,openslr28_sim,2.132,1.996,data/banks/rir/large_room/rir_large_room_Room168-00036_0320.wav
rir_large_room_Room177-00020_0321,large_room,openslr28_sim,1.501,1.997,data/banks/rir/large_room/rir_large_room_Room177-00020_0321.wav
rir_medium_room_Room177-00069_0322,medium_room,openslr28_sim,0.68,2.0,data/banks/rir/medium_room/rir_medium_room_Room177-00069_0322.wav
rir_large_room_Room181-00039_0323,large_room,openslr28_sim,2.184,1.996,data/banks/rir/large_room/rir_large_room_Room181-00039_0323.wav
rir_large_room_Room182-00046_0324,large_room,openslr28_sim,1.398,1.994,data/banks/rir/large_room/rir_large_room_Room182-00046_0324.wav
rir_small_room_Room182-00091_0325,small_room,openslr28_sim,0.201,2.0,data/banks/rir/small_room/rir_small_room_Room182-00091_0325.wav
rir_large_room_Room183-00004_0326,large_room,openslr28_sim,1.607,1.997,data/banks/rir/large_room/rir_large_room_Room183-00004_0326.wav
rir_large_room_Room183-00042_0327,large_room,openslr28_sim,1.609,1.996,data/banks/rir/large_room/rir_large_room_Room183-00042_0327.wav
rir_medium_room_Room184-00029_0328,medium_room,openslr28_sim,0.635,2.0,data/banks/rir/medium_room/rir_medium_room_Room184-00029_0328.wav
rir_large_room_Room184-00068_0329,large_room,openslr28_sim,2.102,1.994,data/banks/rir/large_room/rir_large_room_Room184-00068_0329.wav
rir_large_room_Room184-00092_0330,large_room,openslr28_sim,1.776,1.998,data/banks/rir/large_room/rir_large_room_Room184-00092_0330.wav
rir_medium_room_Room185-00050_0331,medium_room,openslr28_sim,1.157,1.999,data/banks/rir/medium_room/rir_medium_room_Room185-00050_0331.wav
rir_large_room_Room188-00049_0332,large_room,openslr28_sim,1.522,1.995,data/banks/rir/large_room/rir_large_room_Room188-00049_0332.wav
rir_large_room_Room189-00021_0333,large_room,openslr28_sim,1.422,1.997,data/banks/rir/large_room/rir_large_room_Room189-00021_0333.wav
rir_medium_room_Room190-00038_0334,medium_room,openslr28_sim,0.53,1.999,data/banks/rir/medium_room/rir_medium_room_Room190-00038_0334.wav
rir_large_room_Room195-00001_0335,large_room,openslr28_sim,1.275,1.996,data/banks/rir/large_room/rir_large_room_Room195-00001_0335.wav
rir_large_room_Room196-00024_0336,large_room,openslr28_sim,1.647,1.994,data/banks/rir/large_room/rir_large_room_Room196-00024_0336.wav
rir_large_room_Room198-00033_0337,large_room,openslr28_sim,2.08,1.992,data/banks/rir/large_room/rir_large_room_Room198-00033_0337.wav
rir_large_room_Room199-00002_0338,large_room,openslr28_sim,1.801,1.993,data/banks/rir/large_room/rir_large_room_Room199-00002_0338.wav
rir_small_room_Room001-00007_0339,small_room,openslr28_sim,0.456,0.998,data/banks/rir/small_room/rir_small_room_Room001-00007_0339.wav
rir_medium_room_Room001-00069_0340,medium_room,openslr28_sim,0.932,0.995,data/banks/rir/medium_room/rir_medium_room_Room001-00069_0340.wav
rir_medium_room_Room004-00095_0341,medium_room,openslr28_sim,0.674,0.993,data/banks/rir/medium_room/rir_medium_room_Room004-00095_0341.wav
rir_medium_room_Room005-00020_0342,medium_room,openslr28_sim,1.175,0.996,data/banks/rir/medium_room/rir_medium_room_Room005-00020_0342.wav
rir_small_room_Room007-00001_0343,small_room,openslr28_sim,0.209,1.0,data/banks/rir/small_room/rir_small_room_Room007-00001_0343.wav
rir_small_room_Room008-00093_0344,small_room,openslr28_sim,0.323,0.998,data/banks/rir/small_room/rir_small_room_Room008-00093_0344.wav
rir_small_room_Room010-00078_0345,small_room,openslr28_sim,0.482,0.992,data/banks/rir/small_room/rir_small_room_Room010-00078_0345.wav
rir_medium_room_Room014-00011_0346,medium_room,openslr28_sim,0.811,0.996,data/banks/rir/medium_room/rir_medium_room_Room014-00011_0346.wav
rir_small_room_Room015-00054_0347,small_room,openslr28_sim,0.364,1.0,data/banks/rir/small_room/rir_small_room_Room015-00054_0347.wav
rir_medium_room_Room024-00037_0348,medium_room,openslr28_sim,1.111,0.996,data/banks/rir/medium_room/rir_medium_room_Room024-00037_0348.wav
rir_medium_room_Room025-00039_0349,medium_room,openslr28_sim,0.515,0.996,data/banks/rir/medium_room/rir_medium_room_Room025-00039_0349.wav
rir_medium_room_Room029-00020_0350,medium_room,openslr28_sim,0.788,0.995,data/banks/rir/medium_room/rir_medium_room_Room029-00020_0350.wav
rir_medium_room_Room029-00082_0351,medium_room,openslr28_sim,0.863,0.995,data/banks/rir/medium_room/rir_medium_room_Room029-00082_0351.wav
rir_medium_room_Room031-00010_0352,medium_room,openslr28_sim,0.961,0.994,data/banks/rir/medium_room/rir_medium_room_Room031-00010_0352.wav
rir_medium_room_Room032-00032_0353,medium_room,openslr28_sim,0.675,0.996,data/banks/rir/medium_room/rir_medium_room_Room032-00032_0353.wav
rir_small_room_Room033-00033_0354,small_room,openslr28_sim,0.399,1.0,data/banks/rir/small_room/rir_small_room_Room033-00033_0354.wav
rir_medium_room_Room035-00005_0355,medium_room,openslr28_sim,0.904,0.995,data/banks/rir/medium_room/rir_medium_room_Room035-00005_0355.wav
rir_medium_room_Room035-00099_0356,medium_room,openslr28_sim,0.522,0.998,data/banks/rir/medium_room/rir_medium_room_Room035-00099_0356.wav
rir_medium_room_Room037-00061_0357,medium_room,openslr28_sim,0.539,0.994,data/banks/rir/medium_room/rir_medium_room_Room037-00061_0357.wav
rir_medium_room_Room038-00052_0358,medium_room,openslr28_sim,0.503,0.994,data/banks/rir/medium_room/rir_medium_room_Room038-00052_0358.wav
rir_large_room_Room040-00014_0359,large_room,openslr28_sim,1.552,0.991,data/banks/rir/large_room/rir_large_room_Room040-00014_0359.wav
rir_large_room_Room040-00015_0360,large_room,openslr28_sim,1.549,0.993,data/banks/rir/large_room/rir_large_room_Room040-00015_0360.wav
rir_small_room_Room043-00007_0361,small_room,openslr28_sim,0.492,0.995,data/banks/rir/small_room/rir_small_room_Room043-00007_0361.wav
rir_small_room_Room043-00011_0362,small_room,openslr28_sim,0.467,0.994,data/banks/rir/small_room/rir_small_room_Room043-00011_0362.wav
rir_medium_room_Room047-00039_0363,medium_room,openslr28_sim,0.918,0.993,data/banks/rir/medium_room/rir_medium_room_Room047-00039_0363.wav
rir_medium_room_Room049-00073_0364,medium_room,openslr28_sim,1.053,0.991,data/banks/rir/medium_room/rir_medium_room_Room049-00073_0364.wav
rir_large_room_Room053-00064_0365,large_room,openslr28_sim,1.267,1.0,data/banks/rir/large_room/rir_large_room_Room053-00064_0365.wav
rir_medium_room_Room055-00069_0366,medium_room,openslr28_sim,0.909,0.995,data/banks/rir/medium_room/rir_medium_room_Room055-00069_0366.wav
rir_medium_room_Room055-00095_0367,medium_room,openslr28_sim,0.877,0.991,data/banks/rir/medium_room/rir_medium_room_Room055-00095_0367.wav
rir_medium_room_Room056-00003_0368,medium_room,openslr28_sim,0.76,0.995,data/banks/rir/medium_room/rir_medium_room_Room056-00003_0368.wav
rir_medium_room_Room056-00041_0369,medium_room,openslr28_sim,0.779,0.992,data/banks/rir/medium_room/rir_medium_room_Room056-00041_0369.wav
rir_medium_room_Room057-00019_0370,medium_room,openslr28_sim,0.67,0.999,data/banks/rir/medium_room/rir_medium_room_Room057-00019_0370.wav
rir_medium_room_Room059-00020_0371,medium_room,openslr28_sim,1.059,0.995,data/banks/rir/medium_room/rir_medium_room_Room059-00020_0371.wav
rir_medium_room_Room061-00080_0372,medium_room,openslr28_sim,0.932,0.994,data/banks/rir/medium_room/rir_medium_room_Room061-00080_0372.wav
rir_medium_room_Room063-00048_0373,medium_room,openslr28_sim,0.628,0.995,data/banks/rir/medium_room/rir_medium_room_Room063-00048_0373.wav
rir_medium_room_Room065-00024_0374,medium_room,openslr28_sim,0.7,0.991,data/banks/rir/medium_room/rir_medium_room_Room065-00024_0374.wav
rir_medium_room_Room065-00064_0375,medium_room,openslr28_sim,0.583,0.991,data/banks/rir/medium_room/rir_medium_room_Room065-00064_0375.wav
rir_small_room_Room065-00082_0376,small_room,openslr28_sim,0.4,1.0,data/banks/rir/small_room/rir_small_room_Room065-00082_0376.wav
rir_medium_room_Room066-00049_0377,medium_room,openslr28_sim,0.693,0.996,data/banks/rir/medium_room/rir_medium_room_Room066-00049_0377.wav
rir_small_room_Room066-00076_0378,small_room,openslr28_sim,0.422,1.0,data/banks/rir/small_room/rir_small_room_Room066-00076_0378.wav
rir_medium_room_Room067-00031_0379,medium_room,openslr28_sim,1.017,0.994,data/banks/rir/medium_room/rir_medium_room_Room067-00031_0379.wav
rir_large_room_Room069-00096_0380,large_room,openslr28_sim,1.526,0.99,data/banks/rir/large_room/rir_large_room_Room069-00096_0380.wav
rir_medium_room_Room073-00005_0381,medium_room,openslr28_sim,0.732,0.999,data/banks/rir/medium_room/rir_medium_room_Room073-00005_0381.wav
rir_medium_room_Room075-00092_0382,medium_room,openslr28_sim,0.534,0.999,data/banks/rir/medium_room/rir_medium_room_Room075-00092_0382.wav
rir_medium_room_Room076-00007_0383,medium_room,openslr28_sim,0.753,0.991,data/banks/rir/medium_room/rir_medium_room_Room076-00007_0383.wav
rir_medium_room_Room076-00008_0384,medium_room,openslr28_sim,0.664,0.999,data/banks/rir/medium_room/rir_medium_room_Room076-00008_0384.wav
rir_medium_room_Room076-00021_0385,medium_room,openslr28_sim,0.539,1.0,data/banks/rir/medium_room/rir_medium_room_Room076-00021_0385.wav
rir_medium_room_Room076-00028_0386,medium_room,openslr28_sim,0.631,1.0,data/banks/rir/medium_room/rir_medium_room_Room076-00028_0386.wav
rir_medium_room_Room079-00044_0387,medium_room,openslr28_sim,0.941,1.0,data/banks/rir/medium_room/rir_medium_room_Room079-00044_0387.wav
rir_medium_room_Room080-00006_0388,medium_room,openslr28_sim,0.811,0.995,data/banks/rir/medium_room/rir_medium_room_Room080-00006_0388.wav
rir_medium_room_Room080-00074_0389,medium_room,openslr28_sim,0.868,0.994,data/banks/rir/medium_room/rir_medium_room_Room080-00074_0389.wav
rir_medium_room_Room083-00023_0390,medium_room,openslr28_sim,0.655,0.993,data/banks/rir/medium_room/rir_medium_room_Room083-00023_0390.wav
rir_medium_room_Room083-00037_0391,medium_room,openslr28_sim,0.679,0.993,data/banks/rir/medium_room/rir_medium_room_Room083-00037_0391.wav
rir_medium_room_Room084-00007_0392,medium_room,openslr28_sim,0.855,0.994,data/banks/rir/medium_room/rir_medium_room_Room084-00007_0392.wav
rir_medium_room_Room084-00086_0393,medium_room,openslr28_sim,0.897,0.993,data/banks/rir/medium_room/rir_medium_room_Room084-00086_0393.wav
rir_small_room_Room085-00054_0394,small_room,openslr28_sim,0.284,0.997,data/banks/rir/small_room/rir_small_room_Room085-00054_0394.wav
rir_small_room_Room086-00062_0395,small_room,openslr28_sim,0.471,0.997,data/banks/rir/small_room/rir_small_room_Room086-00062_0395.wav
rir_large_room_Room090-00055_0396,large_room,openslr28_sim,1.346,0.991,data/banks/rir/large_room/rir_large_room_Room090-00055_0396.wav
rir_medium_room_Room091-00096_0397,medium_room,openslr28_sim,0.614,0.994,data/banks/rir/medium_room/rir_medium_room_Room091-00096_0397.wav
rir_medium_room_Room094-00026_0398,medium_room,openslr28_sim,1.019,0.991,data/banks/rir/medium_room/rir_medium_room_Room094-00026_0398.wav
rir_medium_room_Room096-00039_0399,medium_room,openslr28_sim,0.888,0.991,data/banks/rir/medium_room/rir_medium_room_Room096-00039_0399.wav
rir_medium_room_Room098-00008_0400,medium_room,openslr28_sim,0.8,0.995,data/banks/rir/medium_room/rir_medium_room_Room098-00008_0400.wav
rir_medium_room_Room098-00082_0401,medium_room,openslr28_sim,0.829,0.994,data/banks/rir/medium_room/rir_medium_room_Room098-00082_0401.wav
rir_medium_room_Room104-00025_0402,medium_room,openslr28_sim,0.877,0.997,data/banks/rir/medium_room/rir_medium_room_Room104-00025_0402.wav
rir_medium_room_Room104-00081_0403,medium_room,openslr28_sim,0.856,0.995,data/banks/rir/medium_room/rir_medium_room_Room104-00081_0403.wav
rir_medium_room_Room105-00086_0404,medium_room,openslr28_sim,1.045,0.997,data/banks/rir/medium_room/rir_medium_room_Room105-00086_0404.wav
rir_small_room_Room106-00042_0405,small_room,openslr28_sim,0.331,0.997,data/banks/rir/small_room/rir_small_room_Room106-00042_0405.wav
rir_small_room_Room109-00093_0406,small_room,openslr28_sim,0.345,1.0,data/banks/rir/small_room/rir_small_room_Room109-00093_0406.wav
rir_medium_room_Room122-00014_0407,medium_room,openslr28_sim,0.66,0.993,data/banks/rir/medium_room/rir_medium_room_Room122-00014_0407.wav
rir_medium_room_Room123-00007_0408,medium_room,openslr28_sim,0.738,0.991,data/banks/rir/medium_room/rir_medium_room_Room123-00007_0408.wav
rir_medium_room_Room123-00028_0409,medium_room,openslr28_sim,0.625,0.994,data/banks/rir/medium_room/rir_medium_room_Room123-00028_0409.wav
rir_medium_room_Room123-00058_0410,medium_room,openslr28_sim,0.711,0.992,data/banks/rir/medium_room/rir_medium_room_Room123-00058_0410.wav
rir_medium_room_Room123-00081_0411,medium_room,openslr28_sim,0.57,0.994,data/banks/rir/medium_room/rir_medium_room_Room123-00081_0411.wav
rir_small_room_Room126-00049_0412,small_room,openslr28_sim,0.336,0.991,data/banks/rir/small_room/rir_small_room_Room126-00049_0412.wav
rir_small_room_Room126-00075_0413,small_room,openslr28_sim,0.29,0.993,data/banks/rir/small_room/rir_small_room_Room126-00075_0413.wav
rir_medium_room_Room129-00098_0414,medium_room,openslr28_sim,1.045,0.994,data/banks/rir/medium_room/rir_medium_room_Room129-00098_0414.wav
rir_medium_room_Room135-00006_0416,medium_room,openslr28_sim,0.603,0.994,data/banks/rir/medium_room/rir_medium_room_Room135-00006_0416.wav
rir_large_room_Room137-00005_0417,large_room,openslr28_sim,1.282,0.998,data/banks/rir/large_room/rir_large_room_Room137-00005_0417.wav
rir_medium_room_Room138-00060_0418,medium_room,openslr28_sim,0.686,0.991,data/banks/rir/medium_room/rir_medium_room_Room138-00060_0418.wav
rir_medium_room_Room139-00061_0419,medium_room,openslr28_sim,0.639,1.0,data/banks/rir/medium_room/rir_medium_room_Room139-00061_0419.wav
rir_medium_room_Room139-00062_0420,medium_room,openslr28_sim,0.708,0.996,data/banks/rir/medium_room/rir_medium_room_Room139-00062_0420.wav
rir_medium_room_Room144-00015_0421,medium_room,openslr28_sim,0.692,0.999,data/banks/rir/medium_room/rir_medium_room_Room144-00015_0421.wav
rir_large_room_Room145-00015_0422,large_room,openslr28_sim,1.335,0.991,data/banks/rir/large_room/rir_large_room_Room145-00015_0422.wav
rir_small_room_Room147-00009_0423,small_room,openslr28_sim,0.458,0.997,data/banks/rir/small_room/rir_small_room_Room147-00009_0423.wav
rir_small_room_Room147-00077_0424,small_room,openslr28_sim,0.455,0.997,data/banks/rir/small_room/rir_small_room_Room147-00077_0424.wav
rir_medium_room_Room148-00035_0425,medium_room,openslr28_sim,1.193,0.991,data/banks/rir/medium_room/rir_medium_room_Room148-00035_0425.wav
rir_medium_room_Room148-00059_0426,medium_room,openslr28_sim,1.189,0.995,data/banks/rir/medium_room/rir_medium_room_Room148-00059_0426.wav
rir_small_room_Room149-00028_0427,small_room,openslr28_sim,0.49,0.993,data/banks/rir/small_room/rir_small_room_Room149-00028_0427.wav
rir_medium_room_Room151-00026_0428,medium_room,openslr28_sim,0.796,0.992,data/banks/rir/medium_room/rir_medium_room_Room151-00026_0428.wav
rir_medium_room_Room152-00021_0429,medium_room,openslr28_sim,0.912,0.993,data/banks/rir/medium_room/rir_medium_room_Room152-00021_0429.wav
rir_medium_room_Room156-00051_0430,medium_room,openslr28_sim,1.079,0.994,data/banks/rir/medium_room/rir_medium_room_Room156-00051_0430.wav
rir_medium_room_Room157-00014_0431,medium_room,openslr28_sim,0.582,0.993,data/banks/rir/medium_room/rir_medium_room_Room157-00014_0431.wav
rir_medium_room_Room157-00031_0432,medium_room,openslr28_sim,0.534,0.992,data/banks/rir/medium_room/rir_medium_room_Room157-00031_0432.wav
rir_medium_room_Room159-00014_0433,medium_room,openslr28_sim,0.541,0.999,data/banks/rir/medium_room/rir_medium_room_Room159-00014_0433.wav
rir_medium_room_Room161-00100_0434,medium_room,openslr28_sim,0.523,0.994,data/banks/rir/medium_room/rir_medium_room_Room161-00100_0434.wav
rir_medium_room_Room171-00042_0436,medium_room,openslr28_sim,0.8,0.996,data/banks/rir/medium_room/rir_medium_room_Room171-00042_0436.wav
rir_medium_room_Room172-00077_0437,medium_room,openslr28_sim,1.137,0.993,data/banks/rir/medium_room/rir_medium_room_Room172-00077_0437.wav
rir_large_room_Room172-00093_0438,large_room,openslr28_sim,1.223,0.993,data/banks/rir/large_room/rir_large_room_Room172-00093_0438.wav
rir_small_room_Room173-00002_0439,small_room,openslr28_sim,0.489,0.994,data/banks/rir/small_room/rir_small_room_Room173-00002_0439.wav
rir_small_room_Room173-00038_0440,small_room,openslr28_sim,0.485,0.995,data/banks/rir/small_room/rir_small_room_Room173-00038_0440.wav
rir_medium_room_Room174-00008_0441,medium_room,openslr28_sim,0.91,1.0,data/banks/rir/medium_room/rir_medium_room_Room174-00008_0441.wav
rir_medium_room_Room174-00024_0442,medium_room,openslr28_sim,0.983,0.992,data/banks/rir/medium_room/rir_medium_room_Room174-00024_0442.wav
rir_medium_room_Room176-00080_0443,medium_room,openslr28_sim,1.199,0.993,data/banks/rir/medium_room/rir_medium_room_Room176-00080_0443.wav
rir_medium_room_Room178-00068_0444,medium_room,openslr28_sim,0.712,0.997,data/banks/rir/medium_room/rir_medium_room_Room178-00068_0444.wav
rir_small_room_Room182-00050_0445,small_room,openslr28_sim,0.455,0.997,data/banks/rir/small_room/rir_small_room_Room182-00050_0445.wav
rir_medium_room_Room182-00058_0446,medium_room,openslr28_sim,0.693,0.994,data/banks/rir/medium_room/rir_medium_room_Room182-00058_0446.wav
rir_small_room_Room183-00004_0447,small_room,openslr28_sim,0.256,0.995,data/banks/rir/small_room/rir_small_room_Room183-00004_0447.wav
rir_small_room_Room183-00040_0448,small_room,openslr28_sim,0.352,0.993,data/banks/rir/small_room/rir_small_room_Room183-00040_0448.wav
rir_small_room_Room187-00053_0449,small_room,openslr28_sim,0.467,0.995,data/banks/rir/small_room/rir_small_room_Room187-00053_0449.wav
rir_medium_room_Room189-00075_0450,medium_room,openslr28_sim,0.63,0.997,data/banks/rir/medium_room/rir_medium_room_Room189-00075_0450.wav
rir_medium_room_Room192-00069_0451,medium_room,openslr28_sim,0.548,0.991,data/banks/rir/medium_room/rir_medium_room_Room192-00069_0451.wav
rir_medium_room_Room193-00023_0452,medium_room,openslr28_sim,0.943,0.992,data/banks/rir/medium_room/rir_medium_room_Room193-00023_0452.wav
rir_small_room_Room193-00092_0453,small_room,openslr28_sim,0.422,0.999,data/banks/rir/small_room/rir_small_room_Room193-00092_0453.wav
rir_medium_room_Room194-00003_0454,medium_room,openslr28_sim,0.962,0.995,data/banks/rir/medium_room/rir_medium_room_Room194-00003_0454.wav
rir_medium_room_Room194-00044_0455,medium_room,openslr28_sim,1.064,0.993,data/banks/rir/medium_room/rir_medium_room_Room194-00044_0455.wav
rir_medium_room_Room194-00062_0456,medium_room,openslr28_sim,0.957,0.995,data/banks/rir/medium_room/rir_medium_room_Room194-00062_0456.wav
rir_medium_room_Room194-00089_0457,medium_room,openslr28_sim,0.941,0.997,data/banks/rir/medium_room/rir_medium_room_Room194-00089_0457.wav
rir_medium_room_Room196-00005_0458,medium_room,openslr28_sim,0.892,0.996,data/banks/rir/medium_room/rir_medium_room_Room196-00005_0458.wav
rir_small_room_Room005-00088_0461,small_room,openslr28_sim,0.367,0.493,data/banks/rir/small_room/rir_small_room_Room005-00088_0461.wav
rir_small_room_Room009-00034_0462,small_room,openslr28_sim,0.232,0.492,data/banks/rir/small_room/rir_small_room_Room009-00034_0462.wav
rir_small_room_Room009-00051_0463,small_room,openslr28_sim,0.219,0.491,data/banks/rir/small_room/rir_small_room_Room009-00051_0463.wav
rir_small_room_Room012-00072_0464,small_room,openslr28_sim,0.2,0.5,data/banks/rir/small_room/rir_small_room_Room012-00072_0464.wav
rir_small_room_Room015-00032_0466,small_room,openslr28_sim,0.214,0.496,data/banks/rir/small_room/rir_small_room_Room015-00032_0466.wav
rir_small_room_Room016-00075_0467,small_room,openslr28_sim,0.37,0.491,data/banks/rir/small_room/rir_small_room_Room016-00075_0467.wav
rir_small_room_Room018-00081_0468,small_room,openslr28_sim,0.371,0.494,data/banks/rir/small_room/rir_small_room_Room018-00081_0468.wav
rir_small_room_Room019-00009_0469,small_room,openslr28_sim,0.244,0.497,data/banks/rir/small_room/rir_small_room_Room019-00009_0469.wav
rir_small_room_Room019-00069_0470,small_room,openslr28_sim,0.224,0.5,data/banks/rir/small_room/rir_small_room_Room019-00069_0470.wav
rir_small_room_Room019-00070_0471,small_room,openslr28_sim,0.199,0.499,data/banks/rir/small_room/rir_small_room_Room019-00070_0471.wav
rir_small_room_Room025-00045_0473,small_room,openslr28_sim,0.153,0.494,data/banks/rir/small_room/rir_small_room_Room025-00045_0473.wav
rir_small_room_Room026-00022_0474,small_room,openslr28_sim,0.178,0.495,data/banks/rir/small_room/rir_small_room_Room026-00022_0474.wav
rir_small_room_Room027-00100_0475,small_room,openslr28_sim,0.312,0.5,data/banks/rir/small_room/rir_small_room_Room027-00100_0475.wav
rir_small_room_Room028-00056_0476,small_room,openslr28_sim,0.179,0.49,data/banks/rir/small_room/rir_small_room_Room028-00056_0476.wav
rir_small_room_Room029-00049_0477,small_room,openslr28_sim,0.155,0.5,data/banks/rir/small_room/rir_small_room_Room029-00049_0477.wav
rir_small_room_Room030-00005_0478,small_room,openslr28_sim,0.167,0.5,data/banks/rir/small_room/rir_small_room_Room030-00005_0478.wav
rir_small_room_Room042-00066_0485,small_room,openslr28_sim,0.154,0.495,data/banks/rir/small_room/rir_small_room_Room042-00066_0485.wav
rir_small_room_Room050-00010_0488,small_room,openslr28_sim,0.178,0.497,data/banks/rir/small_room/rir_small_room_Room050-00010_0488.wav
rir_small_room_Room052-00037_0489,small_room,openslr28_sim,0.261,0.496,data/banks/rir/small_room/rir_small_room_Room052-00037_0489.wav
rir_small_room_Room055-00092_0490,small_room,openslr28_sim,0.188,0.494,data/banks/rir/small_room/rir_small_room_Room055-00092_0490.wav
rir_small_room_Room056-00095_0491,small_room,openslr28_sim,0.276,0.495,data/banks/rir/small_room/rir_small_room_Room056-00095_0491.wav
rir_small_room_Room059-00008_0492,small_room,openslr28_sim,0.3,0.495,data/banks/rir/small_room/rir_small_room_Room059-00008_0492.wav
rir_small_room_Room062-00080_0494,small_room,openslr28_sim,0.278,0.5,data/banks/rir/small_room/rir_small_room_Room062-00080_0494.wav
rir_small_room_Room065-00043_0496,small_room,openslr28_sim,0.156,0.494,data/banks/rir/small_room/rir_small_room_Room065-00043_0496.wav
rir_small_room_Room069-00089_0498,small_room,openslr28_sim,0.317,0.493,data/banks/rir/small_room/rir_small_room_Room069-00089_0498.wav
rir_small_room_Room073-00074_0499,small_room,openslr28_sim,0.367,0.5,data/banks/rir/small_room/rir_small_room_Room073-00074_0499.wav
rir_small_room_Room074-00092_0500,small_room,openslr28_sim,0.313,0.495,data/banks/rir/small_room/rir_small_room_Room074-00092_0500.wav
rir_small_room_Room077-00095_0501,small_room,openslr28_sim,0.169,0.5,data/banks/rir/small_room/rir_small_room_Room077-00095_0501.wav
rir_small_room_Room080-00004_0504,small_room,openslr28_sim,0.183,0.497,data/banks/rir/small_room/rir_small_room_Room080-00004_0504.wav
rir_small_room_Room081-00046_0505,small_room,openslr28_sim,0.294,0.49,data/banks/rir/small_room/rir_small_room_Room081-00046_0505.wav
rir_small_room_Room086-00062_0506,small_room,openslr28_sim,0.173,0.5,data/banks/rir/small_room/rir_small_room_Room086-00062_0506.wav
rir_small_room_Room086-00086_0507,small_room,openslr28_sim,0.176,0.5,data/banks/rir/small_room/rir_small_room_Room086-00086_0507.wav
rir_small_room_Room087-00037_0508,small_room,openslr28_sim,0.21,0.495,data/banks/rir/small_room/rir_small_room_Room087-00037_0508.wav
rir_small_room_Room092-00036_0510,small_room,openslr28_sim,0.268,0.495,data/banks/rir/small_room/rir_small_room_Room092-00036_0510.wav
rir_small_room_Room093-00093_0511,small_room,openslr28_sim,0.188,0.499,data/banks/rir/small_room/rir_small_room_Room093-00093_0511.wav
rir_small_room_Room094-00069_0512,small_room,openslr28_sim,0.16,0.5,data/banks/rir/small_room/rir_small_room_Room094-00069_0512.wav
rir_small_room_Room099-00004_0513,small_room,openslr28_sim,0.303,0.489,data/banks/rir/small_room/rir_small_room_Room099-00004_0513.wav
rir_small_room_Room099-00094_0514,small_room,openslr28_sim,0.28,0.497,data/banks/rir/small_room/rir_small_room_Room099-00094_0514.wav
rir_small_room_Room100-00055_0515,small_room,openslr28_sim,0.351,0.499,data/banks/rir/small_room/rir_small_room_Room100-00055_0515.wav
rir_small_room_Room103-00053_0516,small_room,openslr28_sim,0.184,0.498,data/banks/rir/small_room/rir_small_room_Room103-00053_0516.wav
rir_small_room_Room112-00027_0518,small_room,openslr28_sim,0.398,0.5,data/banks/rir/small_room/rir_small_room_Room112-00027_0518.wav
rir_small_room_Room113-00009_0519,small_room,openslr28_sim,0.22,0.495,data/banks/rir/small_room/rir_small_room_Room113-00009_0519.wav
rir_small_room_Room116-00058_0520,small_room,openslr28_sim,0.245,0.49,data/banks/rir/small_room/rir_small_room_Room116-00058_0520.wav
rir_small_room_Room123-00077_0523,small_room,openslr28_sim,0.279,0.494,data/banks/rir/small_room/rir_small_room_Room123-00077_0523.wav
rir_small_room_Room128-00071_0524,small_room,openslr28_sim,0.201,0.5,data/banks/rir/small_room/rir_small_room_Room128-00071_0524.wav
rir_small_room_Room131-00054_0525,small_room,openslr28_sim,0.169,0.489,data/banks/rir/small_room/rir_small_room_Room131-00054_0525.wav
rir_small_room_Room132-00099_0526,small_room,openslr28_sim,0.247,0.497,data/banks/rir/small_room/rir_small_room_Room132-00099_0526.wav
rir_small_room_Room133-00013_0527,small_room,openslr28_sim,0.173,0.492,data/banks/rir/small_room/rir_small_room_Room133-00013_0527.wav
rir_small_room_Room133-00035_0528,small_room,openslr28_sim,0.19,0.491,data/banks/rir/small_room/rir_small_room_Room133-00035_0528.wav
rir_small_room_Room133-00047_0529,small_room,openslr28_sim,0.192,0.496,data/banks/rir/small_room/rir_small_room_Room133-00047_0529.wav
rir_small_room_Room135-00038_0531,small_room,openslr28_sim,0.302,0.485,data/banks/rir/small_room/rir_small_room_Room135-00038_0531.wav
rir_small_room_Room137-00089_0532,small_room,openslr28_sim,0.244,0.5,data/banks/rir/small_room/rir_small_room_Room137-00089_0532.wav
rir_small_room_Room139-00090_0534,small_room,openslr28_sim,0.378,0.493,data/banks/rir/small_room/rir_small_room_Room139-00090_0534.wav
rir_small_room_Room140-00016_0535,small_room,openslr28_sim,0.152,0.5,data/banks/rir/small_room/rir_small_room_Room140-00016_0535.wav
rir_small_room_Room140-00050_0536,small_room,openslr28_sim,0.164,0.499,data/banks/rir/small_room/rir_small_room_Room140-00050_0536.wav
rir_small_room_Room140-00058_0537,small_room,openslr28_sim,0.17,0.5,data/banks/rir/small_room/rir_small_room_Room140-00058_0537.wav
rir_small_room_Room141-00025_0538,small_room,openslr28_sim,0.207,0.492,data/banks/rir/small_room/rir_small_room_Room141-00025_0538.wav
rir_small_room_Room141-00045_0539,small_room,openslr28_sim,0.207,0.499,data/banks/rir/small_room/rir_small_room_Room141-00045_0539.wav
rir_small_room_Room142-00035_0540,small_room,openslr28_sim,0.189,0.5,data/banks/rir/small_room/rir_small_room_Room142-00035_0540.wav
rir_small_room_Room146-00020_0541,small_room,openslr28_sim,0.165,0.499,data/banks/rir/small_room/rir_small_room_Room146-00020_0541.wav
rir_small_room_Room147-00094_0542,small_room,openslr28_sim,0.238,0.493,data/banks/rir/small_room/rir_small_room_Room147-00094_0542.wav
rir_small_room_Room151-00099_0543,small_room,openslr28_sim,0.152,0.5,data/banks/rir/small_room/rir_small_room_Room151-00099_0543.wav
rir_small_room_Room153-00093_0547,small_room,openslr28_sim,0.201,0.5,data/banks/rir/small_room/rir_small_room_Room153-00093_0547.wav
rir_small_room_Room155-00068_0550,small_room,openslr28_sim,0.156,0.498,data/banks/rir/small_room/rir_small_room_Room155-00068_0550.wav
rir_small_room_Room158-00039_0552,small_room,openslr28_sim,0.17,0.5,data/banks/rir/small_room/rir_small_room_Room158-00039_0552.wav
rir_small_room_Room158-00082_0553,small_room,openslr28_sim,0.173,0.5,data/banks/rir/small_room/rir_small_room_Room158-00082_0553.wav
rir_small_room_Room159-00072_0555,small_room,openslr28_sim,0.154,0.5,data/banks/rir/small_room/rir_small_room_Room159-00072_0555.wav
rir_small_room_Room164-00006_0557,small_room,openslr28_sim,0.291,0.487,data/banks/rir/small_room/rir_small_room_Room164-00006_0557.wav
rir_small_room_Room166-00094_0558,small_room,openslr28_sim,0.251,0.495,data/banks/rir/small_room/rir_small_room_Room166-00094_0558.wav
rir_small_room_Room167-00023_0559,small_room,openslr28_sim,0.166,0.497,data/banks/rir/small_room/rir_small_room_Room167-00023_0559.wav
rir_small_room_Room174-00088_0561,small_room,openslr28_sim,0.299,0.491,data/banks/rir/small_room/rir_small_room_Room174-00088_0561.wav
rir_small_room_Room174-00100_0562,small_room,openslr28_sim,0.307,0.5,data/banks/rir/small_room/rir_small_room_Room174-00100_0562.wav
rir_small_room_Room175-00078_0563,small_room,openslr28_sim,0.271,0.496,data/banks/rir/small_room/rir_small_room_Room175-00078_0563.wav
rir_small_room_Room179-00066_0566,small_room,openslr28_sim,0.353,0.492,data/banks/rir/small_room/rir_small_room_Room179-00066_0566.wav
rir_small_room_Room181-00040_0568,small_room,openslr28_sim,0.241,0.493,data/banks/rir/small_room/rir_small_room_Room181-00040_0568.wav
rir_small_room_Room183-00056_0569,small_room,openslr28_sim,0.368,0.495,data/banks/rir/small_room/rir_small_room_Room183-00056_0569.wav
rir_small_room_Room185-00048_0571,small_room,openslr28_sim,0.228,0.491,data/banks/rir/small_room/rir_small_room_Room185-00048_0571.wav
rir_small_room_Room185-00054_0572,small_room,openslr28_sim,0.261,0.491,data/banks/rir/small_room/rir_small_room_Room185-00054_0572.wav
rir_small_room_Room193-00076_0575,small_room,openslr28_sim,0.178,0.494,data/banks/rir/small_room/rir_small_room_Room193-00076_0575.wav
rir_small_room_Room194-00048_0576,small_room,openslr28_sim,0.157,0.493,data/banks/rir/small_room/rir_small_room_Room194-00048_0576.wav
rir_small_room_Room198-00061_0577,small_room,openslr28_sim,0.154,0.496,data/banks/rir/small_room/rir_small_room_Room198-00061_0577.wav
rir_small_room_Room200-00027_0578,small_room,openslr28_sim,0.197,0.494,data/banks/rir/small_room/rir_small_room_Room200-00027_0578.wav
