file_id,class_id,onset,offset,path_norm,verdict,note
desed_alarm_bell_016586c4,alarm_bell,0.0,0.242,D:\IUH_K18\HK1N5\KLTN\audio-security-rag\data\interim\normalized\alarm_bell\desed_alarm_bell_016586c4.wav,,
desed_alarm_bell_248cb8a7,alarm_bell,0.0,23.089,D:\IUH_K18\HK1N5\KLTN\audio-security-rag\data\interim\normalized\alarm_bell\desed_alarm_bell_248cb8a7.wav,,
desed_alarm_bell_7bbe1dda,alarm_bell,0.0,0.236,D:\IUH_K18\HK1N5\KLTN\audio-security-rag\data\interim\normalized\alarm_bell\desed_alarm_bell_7bbe1dda.wav,,
desed_alarm_bell_bd44db60,alarm_bell,0.0,0.126,D:\IUH_K18\HK1N5\KLTN\audio-security-rag\data\interim\normalized\alarm_bell\desed_alarm_bell_bd44db60.wav,,
desed_alarm_bell_be8ba650,alarm_bell,0.0,0.553,D:\IUH_K18\HK1N5\KLTN\audio-security-rag\data\interim\normalized\alarm_bell\desed_alarm_bell_be8ba650.wav,,
desed_alarm_bell_e3014586,alarm_bell,0.0,0.112,D:\IUH_K18\HK1N5\KLTN\audio-security-rag\data\interim\normalized\alarm_bell\desed_alarm_bell_e3014586.wav,,
desed_alarm_bell_e3e31aaa,alarm_bell,0.0,0.316,D:\IUH_K18\HK1N5\KLTN\audio-security-rag\data\interim\normalized\alarm_bell\desed_alarm_bell_e3e31aaa.wav,,
desed_alarm_bell_fc42e9a7,alarm_bell,0.0,0.538,D:\IUH_K18\HK1N5\KLTN\audio-security-rag\data\interim\normalized\alarm_bell\desed_alarm_bell_fc42e9a7.wav,,
esc50_alarm_bell_49223fa4,alarm_bell,0.0,3.244,D:\IUH_K18\HK1N5\KLTN\audio-security-rag\data\interim\normalized\alarm_bell\esc50_alarm_bell_49223fa4.wav,,
esc50_alarm_bell_9a8b1499,alarm_bell,0.0,5.0,D:\IUH_K18\HK1N5\KLTN\audio-security-rag\data\interim\normalized\alarm_bell\esc50_alarm_bell_9a8b1499.wav,,
esc50_alarm_bell_be37da47,alarm_bell,0.0,5.0,D:\IUH_K18\HK1N5\KLTN\audio-security-rag\data\interim\normalized\alarm_bell\esc50_alarm_bell_be37da47.wav,,
esc50_alarm_bell_cb564046,alarm_bell,2.186,3.563,D:\IUH_K18\HK1N5\KLTN\audio-security-rag\data\interim\normalized\alarm_bell\esc50_alarm_bell_cb564046.wav,,
fsd50k_alarm_bell_0459e305,alarm_bell,0.0,5.956,D:\IUH_K18\HK1N5\KLTN\audio-security-rag\data\interim\normalized\alarm_bell\fsd50k_alarm_bell_0459e305.wav,,
fsd50k_alarm_bell_050b9982,alarm_bell,0.0,1.105,D:\IUH_K18\HK1N5\KLTN\audio-security-rag\data\interim\normalized\alarm_bell\fsd50k_alarm_bell_050b9982.wav,,
fsd50k_alarm_bell_1e68d9c1,alarm_bell,0.0,0.689,D:\IUH_K18\HK1N5\KLTN\audio-security-rag\data\interim\normalized\alarm_bell\fsd50k_alarm_bell_1e68d9c1.wav,,
fsd50k_alarm_bell_30301586,alarm_bell,0.0,1.329,D:\IUH_K18\HK1N5\KLTN\audio-security-rag\data\interim\normalized\alarm_bell\fsd50k_alarm_bell_30301586.wav,,
fsd50k_alarm_bell_36f7de3c,alarm_bell,0.0,1.329,D:\IUH_K18\HK1N5\KLTN\audio-security-rag\data\interim\normalized\alarm_bell\fsd50k_alarm_bell_36f7de3c.wav,,
fsd50k_alarm_bell_60fd571b,alarm_bell,0.0,1.33,D:\IUH_K18\HK1N5\KLTN\audio-security-rag\data\interim\normalized\alarm_bell\fsd50k_alarm_bell_60fd571b.wav,,
fsd50k_alarm_bell_664f5c3a,alarm_bell,0.0,1.328,D:\IUH_K18\HK1N5\KLTN\audio-security-rag\data\interim\normalized\alarm_bell\fsd50k_alarm_bell_664f5c3a.wav,,
fsd50k_alarm_bell_691ddf85,alarm_bell,3.149,9.967,D:\IUH_K18\HK1N5\KLTN\audio-security-rag\data\interim\normalized\alarm_bell\fsd50k_alarm_bell_691ddf85.wav,,
fsd50k_alarm_bell_6b452661,alarm_bell,2.189,5.167,D:\IUH_K18\HK1N5\KLTN\audio-security-rag\data\interim\normalized\alarm_bell\fsd50k_alarm_bell_6b452661.wav,,
fsd50k_alarm_bell_919fa6e1,alarm_bell,0.0,1.33,D:\IUH_K18\HK1N5\KLTN\audio-security-rag\data\interim\normalized\alarm_bell\fsd50k_alarm_bell_919fa6e1.wav,,
fsd50k_alarm_bell_a7a040be,alarm_bell,0.0,1.324,D:\IUH_K18\HK1N5\KLTN\audio-security-rag\data\interim\normalized\alarm_bell\fsd50k_alarm_bell_a7a040be.wav,,
fsd50k_alarm_bell_b81b73c5,alarm_bell,0.0,3.882,D:\IUH_K18\HK1N5\KLTN\audio-security-rag\data\interim\normalized\alarm_bell\fsd50k_alarm_bell_b81b73c5.wav,,
fsd50k_alarm_bell_e58430de,alarm_bell,0.0,1.009,D:\IUH_K18\HK1N5\KLTN\audio-security-rag\data\interim\normalized\alarm_bell\fsd50k_alarm_bell_e58430de.wav,,
fsd50k_door_slam_40f73441,door_slam,1.229,2.288,D:\IUH_K18\HK1N5\KLTN\audio-security-rag\data\interim\normalized\door_slam\fsd50k_door_slam_40f73441.wav,,
fsd50k_door_slam_52b3f878,door_slam,0.268,1.324,D:\IUH_K18\HK1N5\KLTN\audio-security-rag\data\interim\normalized\door_slam\fsd50k_door_slam_52b3f878.wav,,
fsd50k_door_slam_6c0cc806,door_slam,0.0,1.203,D:\IUH_K18\HK1N5\KLTN\audio-security-rag\data\interim\normalized\door_slam\fsd50k_door_slam_6c0cc806.wav,,
fsd50k_door_slam_6dccf42e,door_slam,0.27,1.329,D:\IUH_K18\HK1N5\KLTN\audio-security-rag\data\interim\normalized\door_slam\fsd50k_door_slam_6dccf42e.wav,,
fsd50k_door_slam_c915b6a4,door_slam,0.0,0.681,D:\IUH_K18\HK1N5\KLTN\audio-security-rag\data\interim\normalized\door_slam\fsd50k_door_slam_c915b6a4.wav,,
fsd50k_door_slam_db30e39f,door_slam,0.0,1.058,D:\IUH_K18\HK1N5\KLTN\audio-security-rag\data\interim\normalized\door_slam\fsd50k_door_slam_db30e39f.wav,,
fsd50k_explosion_229abb57,explosion,2.509,4.528,D:\IUH_K18\HK1N5\KLTN\audio-security-rag\data\interim\normalized\explosion\fsd50k_explosion_229abb57.wav,,
fsd50k_explosion_7803697b,explosion,0.0,0.598,D:\IUH_K18\HK1N5\KLTN\audio-security-rag\data\interim\normalized\explosion\fsd50k_explosion_7803697b.wav,,
fsd50k_explosion_ae3d3bea,explosion,0.0,1.01,D:\IUH_K18\HK1N5\KLTN\audio-security-rag\data\interim\normalized\explosion\fsd50k_explosion_ae3d3bea.wav,,
fsd50k_explosion_f2a9007f,explosion,0.0,1.329,D:\IUH_K18\HK1N5\KLTN\audio-security-rag\data\interim\normalized\explosion\fsd50k_explosion_f2a9007f.wav,,
esc50_fireworks_319fb7db,fireworks,3.463,5.0,D:\IUH_K18\HK1N5\KLTN\audio-security-rag\data\interim\normalized\fireworks\esc50_fireworks_319fb7db.wav,,
esc50_fireworks_7a3a19a4,fireworks,0.269,1.647,D:\IUH_K18\HK1N5\KLTN\audio-security-rag\data\interim\normalized\fireworks\esc50_fireworks_7a3a19a4.wav,,
esc50_fireworks_abb7aaa5,fireworks,0.0,1.647,D:\IUH_K18\HK1N5\KLTN\audio-security-rag\data\interim\normalized\fireworks\esc50_fireworks_abb7aaa5.wav,,
esc50_fireworks_e6aecd59,fireworks,0.269,1.966,D:\IUH_K18\HK1N5\KLTN\audio-security-rag\data\interim\normalized\fireworks\esc50_fireworks_e6aecd59.wav,,
fsd50k_fireworks_1cb60b51,fireworks,0.589,1.967,D:\IUH_K18\HK1N5\KLTN\audio-security-rag\data\interim\normalized\fireworks\fsd50k_fireworks_1cb60b51.wav,,
fsd50k_fireworks_23184bb4,fireworks,2.828,3.888,D:\IUH_K18\HK1N5\KLTN\audio-security-rag\data\interim\normalized\fireworks\fsd50k_fireworks_23184bb4.wav,,
fsd50k_fireworks_48205dec,fireworks,0.0,1.006,D:\IUH_K18\HK1N5\KLTN\audio-security-rag\data\interim\normalized\fireworks\fsd50k_fireworks_48205dec.wav,,
fsd50k_fireworks_565db7b8,fireworks,0.0,1.01,D:\IUH_K18\HK1N5\KLTN\audio-security-rag\data\interim\normalized\fireworks\fsd50k_fireworks_565db7b8.wav,,
fsd50k_fireworks_6603da19,fireworks,2.188,3.567,D:\IUH_K18\HK1N5\KLTN\audio-security-rag\data\interim\normalized\fireworks\fsd50k_fireworks_6603da19.wav,,
fsd50k_fireworks_874c0076,fireworks,0.0,1.01,D:\IUH_K18\HK1N5\KLTN\audio-security-rag\data\interim\normalized\fireworks\fsd50k_fireworks_874c0076.wav,,
fsd50k_fireworks_a115b8ea,fireworks,1.545,2.921,D:\IUH_K18\HK1N5\KLTN\audio-security-rag\data\interim\normalized\fireworks\fsd50k_fireworks_a115b8ea.wav,,
fsd50k_fireworks_aa87ad25,fireworks,5.066,6.125,D:\IUH_K18\HK1N5\KLTN\audio-security-rag\data\interim\normalized\fireworks\fsd50k_fireworks_aa87ad25.wav,,
fsd50k_fireworks_ae6b7ca5,fireworks,1.23,3.249,D:\IUH_K18\HK1N5\KLTN\audio-security-rag\data\interim\normalized\fireworks\fsd50k_fireworks_ae6b7ca5.wav,,
fsd50k_fireworks_bda7d52f,fireworks,4.75,9.009,D:\IUH_K18\HK1N5\KLTN\audio-security-rag\data\interim\normalized\fireworks\fsd50k_fireworks_bda7d52f.wav,,
fsd50k_fireworks_cb1141a7,fireworks,0.0,0.69,D:\IUH_K18\HK1N5\KLTN\audio-security-rag\data\interim\normalized\fireworks\fsd50k_fireworks_cb1141a7.wav,,
fsd50k_fireworks_ea11ee26,fireworks,0.0,1.008,D:\IUH_K18\HK1N5\KLTN\audio-security-rag\data\interim\normalized\fireworks\fsd50k_fireworks_ea11ee26.wav,,
esc50_glass_breaking_9170ecdc,glass_breaking,0.0,1.966,D:\IUH_K18\HK1N5\KLTN\audio-security-rag\data\interim\normalized\glass_breaking\esc50_glass_breaking_9170ecdc.wav,,
esc50_glass_breaking_d2d0b97a,glass_breaking,0.0,0.689,D:\IUH_K18\HK1N5\KLTN\audio-security-rag\data\interim\normalized\glass_breaking\esc50_glass_breaking_d2d0b97a.wav,,
fsd50k_glass_breaking_05faac68,glass_breaking,0.0,1.33,D:\IUH_K18\HK1N5\KLTN\audio-security-rag\data\interim\normalized\glass_breaking\fsd50k_glass_breaking_05faac68.wav,,
fsd50k_glass_breaking_0d104b59,glass_breaking,0.0,1.033,D:\IUH_K18\HK1N5\KLTN\audio-security-rag\data\interim\normalized\glass_breaking\fsd50k_glass_breaking_0d104b59.wav,,
fsd50k_glass_breaking_0e1619d8,glass_breaking,0.0,0.744,D:\IUH_K18\HK1N5\KLTN\audio-security-rag\data\interim\normalized\glass_breaking\fsd50k_glass_breaking_0e1619d8.wav,,
fsd50k_glass_breaking_386c18ba,glass_breaking,0.0,1.008,D:\IUH_K18\HK1N5\KLTN\audio-security-rag\data\interim\normalized\glass_breaking\fsd50k_glass_breaking_386c18ba.wav,,
fsd50k_glass_breaking_41803d4f,glass_breaking,0.0,1.007,D:\IUH_K18\HK1N5\KLTN\audio-security-rag\data\interim\normalized\glass_breaking\fsd50k_glass_breaking_41803d4f.wav,,
fsd50k_glass_breaking_519339be,glass_breaking,0.0,1.328,D:\IUH_K18\HK1N5\KLTN\audio-security-rag\data\interim\normalized\glass_breaking\fsd50k_glass_breaking_519339be.wav,,
fsd50k_glass_breaking_57effb69,glass_breaking,1.868,3.566,D:\IUH_K18\HK1N5\KLTN\audio-security-rag\data\interim\normalized\glass_breaking\fsd50k_glass_breaking_57effb69.wav,,
fsd50k_glass_breaking_61464e63,glass_breaking,0.0,1.008,D:\IUH_K18\HK1N5\KLTN\audio-security-rag\data\interim\normalized\glass_breaking\fsd50k_glass_breaking_61464e63.wav,,
fsd50k_glass_breaking_75ec52f0,glass_breaking,0.59,2.289,D:\IUH_K18\HK1N5\KLTN\audio-security-rag\data\interim\normalized\glass_breaking\fsd50k_glass_breaking_75ec52f0.wav,,
fsd50k_glass_breaking_786f0e77,glass_breaking,0.0,1.01,D:\IUH_K18\HK1N5\KLTN\audio-security-rag\data\interim\normalized\glass_breaking\fsd50k_glass_breaking_786f0e77.wav,,
fsd50k_glass_breaking_7aa35ed2,glass_breaking,0.269,1.967,D:\IUH_K18\HK1N5\KLTN\audio-security-rag\data\interim\normalized\glass_breaking\fsd50k_glass_breaking_7aa35ed2.wav,,
fsd50k_glass_breaking_7cd53752,glass_breaking,0.27,1.968,D:\IUH_K18\HK1N5\KLTN\audio-security-rag\data\interim\normalized\glass_breaking\fsd50k_glass_breaking_7cd53752.wav,,
fsd50k_glass_breaking_7ddcca95,glass_breaking,1.229,2.289,D:\IUH_K18\HK1N5\KLTN\audio-security-rag\data\interim\normalized\glass_breaking\fsd50k_glass_breaking_7ddcca95.wav,,
fsd50k_glass_breaking_86557ecd,glass_breaking,2.51,4.209,D:\IUH_K18\HK1N5\KLTN\audio-security-rag\data\interim\normalized\glass_breaking\fsd50k_glass_breaking_86557ecd.wav,,
fsd50k_glass_breaking_8d552fc1,glass_breaking,0.588,2.284,D:\IUH_K18\HK1N5\KLTN\audio-security-rag\data\interim\normalized\glass_breaking\fsd50k_glass_breaking_8d552fc1.wav,,
fsd50k_glass_breaking_ba3b391a,glass_breaking,0.27,1.33,D:\IUH_K18\HK1N5\KLTN\audio-security-rag\data\interim\normalized\glass_breaking\fsd50k_glass_breaking_ba3b391a.wav,,
fsd50k_glass_breaking_c912d3aa,glass_breaking,0.0,1.33,D:\IUH_K18\HK1N5\KLTN\audio-security-rag\data\interim\normalized\glass_breaking\fsd50k_glass_breaking_c912d3aa.wav,,
fsd50k_glass_breaking_d4c1558a,glass_breaking,0.0,1.328,D:\IUH_K18\HK1N5\KLTN\audio-security-rag\data\interim\normalized\glass_breaking\fsd50k_glass_breaking_d4c1558a.wav,,
fsd50k_glass_breaking_edaf2320,glass_breaking,0.0,1.033,D:\IUH_K18\HK1N5\KLTN\audio-security-rag\data\interim\normalized\glass_breaking\fsd50k_glass_breaking_edaf2320.wav,,
fsd50k_glass_breaking_f67c46af,glass_breaking,0.0,1.01,D:\IUH_K18\HK1N5\KLTN\audio-security-rag\data\interim\normalized\glass_breaking\fsd50k_glass_breaking_f67c46af.wav,,
fsd50k_glass_breaking_f93c67ad,glass_breaking,2.826,5.162,D:\IUH_K18\HK1N5\KLTN\audio-security-rag\data\interim\normalized\glass_breaking\fsd50k_glass_breaking_f93c67ad.wav,,
fsd50k_gunshot_05462c09,gunshot,0.0,1.329,D:\IUH_K18\HK1N5\KLTN\audio-security-rag\data\interim\normalized\gunshot\fsd50k_gunshot_05462c09.wav,,
fsd50k_gunshot_34438f55,gunshot,0.0,0.424,D:\IUH_K18\HK1N5\KLTN\audio-security-rag\data\interim\normalized\gunshot\fsd50k_gunshot_34438f55.wav,,
fsd50k_gunshot_a614a275,gunshot,0.0,0.842,D:\IUH_K18\HK1N5\KLTN\audio-security-rag\data\interim\normalized\gunshot\fsd50k_gunshot_a614a275.wav,,
fsd50k_gunshot_da3999f4,gunshot,4.425,5.484,D:\IUH_K18\HK1N5\KLTN\audio-security-rag\data\interim\normalized\gunshot\fsd50k_gunshot_da3999f4.wav,,
urbansound8k_gunshot_173a3cb0,gunshot,0.0,0.787,D:\IUH_K18\HK1N5\KLTN\audio-security-rag\data\interim\normalized\gunshot\urbansound8k_gunshot_173a3cb0.wav,,
urbansound8k_gunshot_49264f17,gunshot,0.0,1.005,D:\IUH_K18\HK1N5\KLTN\audio-security-rag\data\interim\normalized\gunshot\urbansound8k_gunshot_49264f17.wav,,
urbansound8k_gunshot_7612a223,gunshot,0.0,1.328,D:\IUH_K18\HK1N5\KLTN\audio-security-rag\data\interim\normalized\gunshot\urbansound8k_gunshot_7612a223.wav,,
urbansound8k_gunshot_8a3feb96,gunshot,0.0,1.326,D:\IUH_K18\HK1N5\KLTN\audio-security-rag\data\interim\normalized\gunshot\urbansound8k_gunshot_8a3feb96.wav,,
urbansound8k_gunshot_92ea5c33,gunshot,0.0,0.681,D:\IUH_K18\HK1N5\KLTN\audio-security-rag\data\interim\normalized\gunshot\urbansound8k_gunshot_92ea5c33.wav,,
urbansound8k_gunshot_b2ec4edf,gunshot,0.0,1.007,D:\IUH_K18\HK1N5\KLTN\audio-security-rag\data\interim\normalized\gunshot\urbansound8k_gunshot_b2ec4edf.wav,,
urbansound8k_gunshot_c396e8c8,gunshot,0.0,1.17,D:\IUH_K18\HK1N5\KLTN\audio-security-rag\data\interim\normalized\gunshot\urbansound8k_gunshot_c396e8c8.wav,,
esc50_laughter_cheering_33c1225c,laughter_cheering,0.0,4.521,D:\IUH_K18\HK1N5\KLTN\audio-security-rag\data\interim\normalized\laughter_cheering\esc50_laughter_cheering_33c1225c.wav,,
fsd50k_laughter_cheering_0f5a60f6,laughter_cheering,0.589,2.604,D:\IUH_K18\HK1N5\KLTN\audio-security-rag\data\interim\normalized\laughter_cheering\fsd50k_laughter_cheering_0f5a60f6.wav,,
fsd50k_laughter_cheering_1208214b,laughter_cheering,0.0,2.288,D:\IUH_K18\HK1N5\KLTN\audio-security-rag\data\interim\normalized\laughter_cheering\fsd50k_laughter_cheering_1208214b.wav,,
fsd50k_laughter_cheering_280e491b,laughter_cheering,1.549,10.284,D:\IUH_K18\HK1N5\KLTN\audio-security-rag\data\interim\normalized\laughter_cheering\fsd50k_laughter_cheering_280e491b.wav,,
fsd50k_laughter_cheering_2868d584,laughter_cheering,0.0,1.328,D:\IUH_K18\HK1N5\KLTN\audio-security-rag\data\interim\normalized\laughter_cheering\fsd50k_laughter_cheering_2868d584.wav,,
fsd50k_laughter_cheering_2bc0324b,laughter_cheering,0.59,16.365,D:\IUH_K18\HK1N5\KLTN\audio-security-rag\data\interim\normalized\laughter_cheering\fsd50k_laughter_cheering_2bc0324b.wav,,
fsd50k_laughter_cheering_2f9c9d72,laughter_cheering,0.91,6.769,D:\IUH_K18\HK1N5\KLTN\audio-security-rag\data\interim\normalized\laughter_cheering\fsd50k_laughter_cheering_2f9c9d72.wav,,
fsd50k_laughter_cheering_52bc03c7,laughter_cheering,1.549,2.929,D:\IUH_K18\HK1N5\KLTN\audio-security-rag\data\interim\normalized\laughter_cheering\fsd50k_laughter_cheering_52bc03c7.wav,,
fsd50k_laughter_cheering_5451d825,laughter_cheering,0.0,2.929,D:\IUH_K18\HK1N5\KLTN\audio-security-rag\data\interim\normalized\laughter_cheering\fsd50k_laughter_cheering_5451d825.wav,,
fsd50k_laughter_cheering_553a8aab,laughter_cheering,0.27,6.129,D:\IUH_K18\HK1N5\KLTN\audio-security-rag\data\interim\normalized\laughter_cheering\fsd50k_laughter_cheering_553a8aab.wav,,
fsd50k_laughter_cheering_61fa9c7e,laughter_cheering,0.27,7.403,D:\IUH_K18\HK1N5\KLTN\audio-security-rag\data\interim\normalized\laughter_cheering\fsd50k_laughter_cheering_61fa9c7e.wav,,
fsd50k_laughter_cheering_66f5785b,laughter_cheering,3.144,4.202,D:\IUH_K18\HK1N5\KLTN\audio-security-rag\data\interim\normalized\laughter_cheering\fsd50k_laughter_cheering_66f5785b.wav,,
fsd50k_laughter_cheering_824bd1fb,laughter_cheering,0.91,4.848,D:\IUH_K18\HK1N5\KLTN\audio-security-rag\data\interim\normalized\laughter_cheering\fsd50k_laughter_cheering_824bd1fb.wav,,
fsd50k_laughter_cheering_829a8ec8,laughter_cheering,0.0,0.61,D:\IUH_K18\HK1N5\KLTN\audio-security-rag\data\interim\normalized\laughter_cheering\fsd50k_laughter_cheering_829a8ec8.wav,,
fsd50k_laughter_cheering_967e9c87,laughter_cheering,0.589,1.647,D:\IUH_K18\HK1N5\KLTN\audio-security-rag\data\interim\normalized\laughter_cheering\fsd50k_laughter_cheering_967e9c87.wav,,
fsd50k_laughter_cheering_9d96225d,laughter_cheering,2.188,5.805,D:\IUH_K18\HK1N5\KLTN\audio-security-rag\data\interim\normalized\laughter_cheering\fsd50k_laughter_cheering_9d96225d.wav,,
fsd50k_laughter_cheering_a1bde5ad,laughter_cheering,3.785,5.803,D:\IUH_K18\HK1N5\KLTN\audio-security-rag\data\interim\normalized\laughter_cheering\fsd50k_laughter_cheering_a1bde5ad.wav,,
fsd50k_laughter_cheering_a77d0445,laughter_cheering,0.0,1.967,D:\IUH_K18\HK1N5\KLTN\audio-security-rag\data\interim\normalized\laughter_cheering\fsd50k_laughter_cheering_a77d0445.wav,,
fsd50k_laughter_cheering_b35efad9,laughter_cheering,3.149,6.767,D:\IUH_K18\HK1N5\KLTN\audio-security-rag\data\interim\normalized\laughter_cheering\fsd50k_laughter_cheering_b35efad9.wav,,
fsd50k_laughter_cheering_bcfc25bd,laughter_cheering,6.669,14.448,D:\IUH_K18\HK1N5\KLTN\audio-security-rag\data\interim\normalized\laughter_cheering\fsd50k_laughter_cheering_bcfc25bd.wav,,
fsd50k_laughter_cheering_c8a5e8ea,laughter_cheering,0.0,0.686,D:\IUH_K18\HK1N5\KLTN\audio-security-rag\data\interim\normalized\laughter_cheering\fsd50k_laughter_cheering_c8a5e8ea.wav,,
fsd50k_laughter_cheering_cfc1ce74,laughter_cheering,4.749,6.449,D:\IUH_K18\HK1N5\KLTN\audio-security-rag\data\interim\normalized\laughter_cheering\fsd50k_laughter_cheering_cfc1ce74.wav,,
fsd50k_laughter_cheering_d3a454e9,laughter_cheering,0.269,1.585,D:\IUH_K18\HK1N5\KLTN\audio-security-rag\data\interim\normalized\laughter_cheering\fsd50k_laughter_cheering_d3a454e9.wav,,
fsd50k_laughter_cheering_e1eaac6c,laughter_cheering,0.0,1.031,D:\IUH_K18\HK1N5\KLTN\audio-security-rag\data\interim\normalized\laughter_cheering\fsd50k_laughter_cheering_e1eaac6c.wav,,
fsd50k_laughter_cheering_f6237c1e,laughter_cheering,1.866,3.882,D:\IUH_K18\HK1N5\KLTN\audio-security-rag\data\interim\normalized\laughter_cheering\fsd50k_laughter_cheering_f6237c1e.wav,,
fsd50k_object_drop_dishes_65109dfb,object_drop_dishes,0.0,1.009,D:\IUH_K18\HK1N5\KLTN\audio-security-rag\data\interim\normalized\object_drop_dishes\fsd50k_object_drop_dishes_65109dfb.wav,,
fsd50k_running_footsteps_18cbc8c0,running_footsteps,5.71,8.049,D:\IUH_K18\HK1N5\KLTN\audio-security-rag\data\interim\normalized\running_footsteps\fsd50k_running_footsteps_18cbc8c0.wav,,
fsd50k_running_footsteps_2679cd41,running_footsteps,0.587,1.962,D:\IUH_K18\HK1N5\KLTN\audio-security-rag\data\interim\normalized\running_footsteps\fsd50k_running_footsteps_2679cd41.wav,,
fsd50k_running_footsteps_998c1bdf,running_footsteps,5.069,10.928,D:\IUH_K18\HK1N5\KLTN\audio-security-rag\data\interim\normalized\running_footsteps\fsd50k_running_footsteps_998c1bdf.wav,,
fsd50k_running_footsteps_b5154963,running_footsteps,0.909,3.247,D:\IUH_K18\HK1N5\KLTN\audio-security-rag\data\interim\normalized\running_footsteps\fsd50k_running_footsteps_b5154963.wav,,
fsd50k_running_footsteps_e105db6b,running_footsteps,1.868,3.566,D:\IUH_K18\HK1N5\KLTN\audio-security-rag\data\interim\normalized\running_footsteps\fsd50k_running_footsteps_e105db6b.wav,,
fsd50k_scream_41cd41d5,scream,3.145,4.523,D:\IUH_K18\HK1N5\KLTN\audio-security-rag\data\interim\normalized\scream\fsd50k_scream_41cd41d5.wav,,
fsd50k_scream_4540f9fe,scream,0.0,0.939,D:\IUH_K18\HK1N5\KLTN\audio-security-rag\data\interim\normalized\scream\fsd50k_scream_4540f9fe.wav,,
fsd50k_scream_46b5a401,scream,0.0,1.039,D:\IUH_K18\HK1N5\KLTN\audio-security-rag\data\interim\normalized\scream\fsd50k_scream_46b5a401.wav,,
fsd50k_scream_4746f12a,scream,0.0,1.028,D:\IUH_K18\HK1N5\KLTN\audio-security-rag\data\interim\normalized\scream\fsd50k_scream_4746f12a.wav,,
fsd50k_scream_7a181533,scream,0.0,1.007,D:\IUH_K18\HK1N5\KLTN\audio-security-rag\data\interim\normalized\scream\fsd50k_scream_7a181533.wav,,
fsd50k_scream_855bee5a,scream,0.0,1.33,D:\IUH_K18\HK1N5\KLTN\audio-security-rag\data\interim\normalized\scream\fsd50k_scream_855bee5a.wav,,
fsd50k_scream_aa4a5fa0,scream,0.0,3.248,D:\IUH_K18\HK1N5\KLTN\audio-security-rag\data\interim\normalized\scream\fsd50k_scream_aa4a5fa0.wav,,
fsd50k_scream_dcd3d1c2,scream,0.0,0.69,D:\IUH_K18\HK1N5\KLTN\audio-security-rag\data\interim\normalized\scream\fsd50k_scream_dcd3d1c2.wav,,
esc50_siren_5f5c273e,siren,0.269,5.0,D:\IUH_K18\HK1N5\KLTN\audio-security-rag\data\interim\normalized\siren\esc50_siren_5f5c273e.wav,,
esc50_siren_7521bb9b,siren,2.505,4.521,D:\IUH_K18\HK1N5\KLTN\audio-security-rag\data\interim\normalized\siren\esc50_siren_7521bb9b.wav,,
esc50_siren_d45df4c5,siren,0.0,2.605,D:\IUH_K18\HK1N5\KLTN\audio-security-rag\data\interim\normalized\siren\esc50_siren_d45df4c5.wav,,
fsd50k_siren_05a02dee,siren,0.0,3.475,D:\IUH_K18\HK1N5\KLTN\audio-security-rag\data\interim\normalized\siren\fsd50k_siren_05a02dee.wav,,
fsd50k_siren_2d9b43a8,siren,0.269,3.251,D:\IUH_K18\HK1N5\KLTN\audio-security-rag\data\interim\normalized\siren\fsd50k_siren_2d9b43a8.wav,,
fsd50k_siren_b4c5f71e,siren,1.548,4.465,D:\IUH_K18\HK1N5\KLTN\audio-security-rag\data\interim\normalized\siren\fsd50k_siren_b4c5f71e.wav,,
fsd50k_siren_fae0bd85,siren,0.0,4.509,D:\IUH_K18\HK1N5\KLTN\audio-security-rag\data\interim\normalized\siren\fsd50k_siren_fae0bd85.wav,,
urbansound8k_siren_10e04a8f,siren,0.0,4.0,D:\IUH_K18\HK1N5\KLTN\audio-security-rag\data\interim\normalized\siren\urbansound8k_siren_10e04a8f.wav,,
urbansound8k_siren_13e92415,siren,0.0,4.0,D:\IUH_K18\HK1N5\KLTN\audio-security-rag\data\interim\normalized\siren\urbansound8k_siren_13e92415.wav,,
urbansound8k_siren_278fde31,siren,1.227,4.0,D:\IUH_K18\HK1N5\KLTN\audio-security-rag\data\interim\normalized\siren\urbansound8k_siren_278fde31.wav,,
urbansound8k_siren_2a5c93e6,siren,0.0,4.0,D:\IUH_K18\HK1N5\KLTN\audio-security-rag\data\interim\normalized\siren\urbansound8k_siren_2a5c93e6.wav,,
urbansound8k_siren_4986649e,siren,0.0,4.0,D:\IUH_K18\HK1N5\KLTN\audio-security-rag\data\interim\normalized\siren\urbansound8k_siren_4986649e.wav,,
urbansound8k_siren_4c081e95,siren,0.0,1.358,D:\IUH_K18\HK1N5\KLTN\audio-security-rag\data\interim\normalized\siren\urbansound8k_siren_4c081e95.wav,,
urbansound8k_siren_6dd35b1d,siren,0.0,4.0,D:\IUH_K18\HK1N5\KLTN\audio-security-rag\data\interim\normalized\siren\urbansound8k_siren_6dd35b1d.wav,,
urbansound8k_siren_83bf9906,siren,0.0,4.0,D:\IUH_K18\HK1N5\KLTN\audio-security-rag\data\interim\normalized\siren\urbansound8k_siren_83bf9906.wav,,
urbansound8k_siren_9d9a2340,siren,0.0,0.928,D:\IUH_K18\HK1N5\KLTN\audio-security-rag\data\interim\normalized\siren\urbansound8k_siren_9d9a2340.wav,,
urbansound8k_siren_a7ffd46e,siren,0.0,4.0,D:\IUH_K18\HK1N5\KLTN\audio-security-rag\data\interim\normalized\siren\urbansound8k_siren_a7ffd46e.wav,,
urbansound8k_siren_b55e1ab5,siren,0.0,4.0,D:\IUH_K18\HK1N5\KLTN\audio-security-rag\data\interim\normalized\siren\urbansound8k_siren_b55e1ab5.wav,,
urbansound8k_siren_c4e1a80e,siren,0.0,3.561,D:\IUH_K18\HK1N5\KLTN\audio-security-rag\data\interim\normalized\siren\urbansound8k_siren_c4e1a80e.wav,,
urbansound8k_siren_c5137d90,siren,0.0,2.604,D:\IUH_K18\HK1N5\KLTN\audio-security-rag\data\interim\normalized\siren\urbansound8k_siren_c5137d90.wav,,
urbansound8k_siren_c9811ece,siren,0.0,4.0,D:\IUH_K18\HK1N5\KLTN\audio-security-rag\data\interim\normalized\siren\urbansound8k_siren_c9811ece.wav,,
urbansound8k_siren_ccd57ad8,siren,0.0,4.0,D:\IUH_K18\HK1N5\KLTN\audio-security-rag\data\interim\normalized\siren\urbansound8k_siren_ccd57ad8.wav,,
urbansound8k_siren_e2a89238,siren,0.0,4.0,D:\IUH_K18\HK1N5\KLTN\audio-security-rag\data\interim\normalized\siren\urbansound8k_siren_e2a89238.wav,,
urbansound8k_siren_e8a8bd03,siren,0.0,4.0,D:\IUH_K18\HK1N5\KLTN\audio-security-rag\data\interim\normalized\siren\urbansound8k_siren_e8a8bd03.wav,,
urbansound8k_siren_f01147e8,siren,0.0,1.327,D:\IUH_K18\HK1N5\KLTN\audio-security-rag\data\interim\normalized\siren\urbansound8k_siren_f01147e8.wav,,
urbansound8k_siren_f1190ecb,siren,0.0,4.0,D:\IUH_K18\HK1N5\KLTN\audio-security-rag\data\interim\normalized\siren\urbansound8k_siren_f1190ecb.wav,,
urbansound8k_siren_f46e79e9,siren,0.0,4.0,D:\IUH_K18\HK1N5\KLTN\audio-security-rag\data\interim\normalized\siren\urbansound8k_siren_f46e79e9.wav,,
urbansound8k_siren_f4aa7332,siren,0.0,4.0,D:\IUH_K18\HK1N5\KLTN\audio-security-rag\data\interim\normalized\siren\urbansound8k_siren_f4aa7332.wav,,
urbansound8k_siren_f7ee0f57,siren,0.0,4.0,D:\IUH_K18\HK1N5\KLTN\audio-security-rag\data\interim\normalized\siren\urbansound8k_siren_f7ee0f57.wav,,
desed_speech_normal_269237d8,speech_normal,0.0,1.647,D:\IUH_K18\HK1N5\KLTN\audio-security-rag\data\interim\normalized\speech_normal\desed_speech_normal_269237d8.wav,,
desed_speech_normal_3444bfc3,speech_normal,0.0,0.566,D:\IUH_K18\HK1N5\KLTN\audio-security-rag\data\interim\normalized\speech_normal\desed_speech_normal_3444bfc3.wav,,
desed_speech_normal_3617c85d,speech_normal,0.0,1.974,D:\IUH_K18\HK1N5\KLTN\audio-security-rag\data\interim\normalized\speech_normal\desed_speech_normal_3617c85d.wav,,
desed_speech_normal_37a85651,speech_normal,0.0,1.431,D:\IUH_K18\HK1N5\KLTN\audio-security-rag\data\interim\normalized\speech_normal\desed_speech_normal_37a85651.wav,,
desed_speech_normal_51552a71,speech_normal,0.0,0.667,D:\IUH_K18\HK1N5\KLTN\audio-security-rag\data\interim\normalized\speech_normal\desed_speech_normal_51552a71.wav,,
desed_speech_normal_6125018e,speech_normal,0.0,0.317,D:\IUH_K18\HK1N5\KLTN\audio-security-rag\data\interim\normalized\speech_normal\desed_speech_normal_6125018e.wav,,
desed_speech_normal_682f883f,speech_normal,0.0,0.707,D:\IUH_K18\HK1N5\KLTN\audio-security-rag\data\interim\normalized\speech_normal\desed_speech_normal_682f883f.wav,,
desed_speech_normal_76e172cc,speech_normal,0.0,1.57,D:\IUH_K18\HK1N5\KLTN\audio-security-rag\data\interim\normalized\speech_normal\desed_speech_normal_76e172cc.wav,,
desed_speech_normal_8012fbf5,speech_normal,0.0,0.719,D:\IUH_K18\HK1N5\KLTN\audio-security-rag\data\interim\normalized\speech_normal\desed_speech_normal_8012fbf5.wav,,
desed_speech_normal_8032a0c4,speech_normal,0.0,1.173,D:\IUH_K18\HK1N5\KLTN\audio-security-rag\data\interim\normalized\speech_normal\desed_speech_normal_8032a0c4.wav,,
desed_speech_normal_cf67cba1,speech_normal,0.0,0.765,D:\IUH_K18\HK1N5\KLTN\audio-security-rag\data\interim\normalized\speech_normal\desed_speech_normal_cf67cba1.wav,,
desed_speech_normal_db894e15,speech_normal,0.0,1.036,D:\IUH_K18\HK1N5\KLTN\audio-security-rag\data\interim\normalized\speech_normal\desed_speech_normal_db894e15.wav,,
desed_speech_normal_e7ca37f5,speech_normal,0.0,2.278,D:\IUH_K18\HK1N5\KLTN\audio-security-rag\data\interim\normalized\speech_normal\desed_speech_normal_e7ca37f5.wav,,
desed_speech_normal_f9744285,speech_normal,0.0,0.787,D:\IUH_K18\HK1N5\KLTN\audio-security-rag\data\interim\normalized\speech_normal\desed_speech_normal_f9744285.wav,,
fsd50k_speech_normal_0112d730,speech_normal,0.0,0.562,D:\IUH_K18\HK1N5\KLTN\audio-security-rag\data\interim\normalized\speech_normal\fsd50k_speech_normal_0112d730.wav,,
fsd50k_speech_normal_05d21fa2,speech_normal,0.588,1.933,D:\IUH_K18\HK1N5\KLTN\audio-security-rag\data\interim\normalized\speech_normal\fsd50k_speech_normal_05d21fa2.wav,,
fsd50k_speech_normal_0702e7d4,speech_normal,2.828,6.446,D:\IUH_K18\HK1N5\KLTN\audio-security-rag\data\interim\normalized\speech_normal\fsd50k_speech_normal_0702e7d4.wav,,
fsd50k_speech_normal_0ae4aff5,speech_normal,0.0,0.794,D:\IUH_K18\HK1N5\KLTN\audio-security-rag\data\interim\normalized\speech_normal\fsd50k_speech_normal_0ae4aff5.wav,,
fsd50k_speech_normal_0c55988e,speech_normal,0.0,1.828,D:\IUH_K18\HK1N5\KLTN\audio-security-rag\data\interim\normalized\speech_normal\fsd50k_speech_normal_0c55988e.wav,,
fsd50k_speech_normal_0c7ab56c,speech_normal,0.0,4.493,D:\IUH_K18\HK1N5\KLTN\audio-security-rag\data\interim\normalized\speech_normal\fsd50k_speech_normal_0c7ab56c.wav,,
fsd50k_speech_normal_0f080150,speech_normal,0.0,2.936,D:\IUH_K18\HK1N5\KLTN\audio-security-rag\data\interim\normalized\speech_normal\fsd50k_speech_normal_0f080150.wav,,
fsd50k_speech_normal_142ff841,speech_normal,1.229,3.827,D:\IUH_K18\HK1N5\KLTN\audio-security-rag\data\interim\normalized\speech_normal\fsd50k_speech_normal_142ff841.wav,,
fsd50k_speech_normal_149a08d1,speech_normal,0.0,0.848,D:\IUH_K18\HK1N5\KLTN\audio-security-rag\data\interim\normalized\speech_normal\fsd50k_speech_normal_149a08d1.wav,,
fsd50k_speech_normal_1cddce21,speech_normal,0.59,14.123,D:\IUH_K18\HK1N5\KLTN\audio-security-rag\data\interim\normalized\speech_normal\fsd50k_speech_normal_1cddce21.wav,,
fsd50k_speech_normal_28f58089,speech_normal,0.0,0.639,D:\IUH_K18\HK1N5\KLTN\audio-security-rag\data\interim\normalized\speech_normal\fsd50k_speech_normal_28f58089.wav,,
fsd50k_speech_normal_2b2aab52,speech_normal,0.269,4.521,D:\IUH_K18\HK1N5\KLTN\audio-security-rag\data\interim\normalized\speech_normal\fsd50k_speech_normal_2b2aab52.wav,,
fsd50k_speech_normal_2bec078e,speech_normal,0.0,2.003,D:\IUH_K18\HK1N5\KLTN\audio-security-rag\data\interim\normalized\speech_normal\fsd50k_speech_normal_2bec078e.wav,,
fsd50k_speech_normal_2c7c2f46,speech_normal,0.0,1.0,D:\IUH_K18\HK1N5\KLTN\audio-security-rag\data\interim\normalized\speech_normal\fsd50k_speech_normal_2c7c2f46.wav,,
fsd50k_speech_normal_36bac63d,speech_normal,0.0,0.521,D:\IUH_K18\HK1N5\KLTN\audio-security-rag\data\interim\normalized\speech_normal\fsd50k_speech_normal_36bac63d.wav,,
fsd50k_speech_normal_3a4128cd,speech_normal,0.0,0.987,D:\IUH_K18\HK1N5\KLTN\audio-security-rag\data\interim\normalized\speech_normal\fsd50k_speech_normal_3a4128cd.wav,,
fsd50k_speech_normal_4459f705,speech_normal,0.0,1.55,D:\IUH_K18\HK1N5\KLTN\audio-security-rag\data\interim\normalized\speech_normal\fsd50k_speech_normal_4459f705.wav,,
fsd50k_speech_normal_45362a1a,speech_normal,0.0,4.327,D:\IUH_K18\HK1N5\KLTN\audio-security-rag\data\interim\normalized\speech_normal\fsd50k_speech_normal_45362a1a.wav,,
fsd50k_speech_normal_475bc91b,speech_normal,0.0,7.171,D:\IUH_K18\HK1N5\KLTN\audio-security-rag\data\interim\normalized\speech_normal\fsd50k_speech_normal_475bc91b.wav,,
fsd50k_speech_normal_4c0a272d,speech_normal,1.55,3.889,D:\IUH_K18\HK1N5\KLTN\audio-security-rag\data\interim\normalized\speech_normal\fsd50k_speech_normal_4c0a272d.wav,,
fsd50k_speech_normal_4ec436b5,speech_normal,0.0,0.558,D:\IUH_K18\HK1N5\KLTN\audio-security-rag\data\interim\normalized\speech_normal\fsd50k_speech_normal_4ec436b5.wav,,
fsd50k_speech_normal_506f299b,speech_normal,0.0,1.181,D:\IUH_K18\HK1N5\KLTN\audio-security-rag\data\interim\normalized\speech_normal\fsd50k_speech_normal_506f299b.wav,,
fsd50k_speech_normal_51a9926b,speech_normal,0.0,3.21,D:\IUH_K18\HK1N5\KLTN\audio-security-rag\data\interim\normalized\speech_normal\fsd50k_speech_normal_51a9926b.wav,,
fsd50k_speech_normal_54a5e096,speech_normal,0.269,2.543,D:\IUH_K18\HK1N5\KLTN\audio-security-rag\data\interim\normalized\speech_normal\fsd50k_speech_normal_54a5e096.wav,,
fsd50k_speech_normal_54f0d4a3,speech_normal,18.829,29.868,D:\IUH_K18\HK1N5\KLTN\audio-security-rag\data\interim\normalized\speech_normal\fsd50k_speech_normal_54f0d4a3.wav,,
fsd50k_speech_normal_54fc8098,speech_normal,0.0,1.0,D:\IUH_K18\HK1N5\KLTN\audio-security-rag\data\interim\normalized\speech_normal\fsd50k_speech_normal_54fc8098.wav,,
fsd50k_speech_normal_566188ce,speech_normal,0.0,0.721,D:\IUH_K18\HK1N5\KLTN\audio-security-rag\data\interim\normalized\speech_normal\fsd50k_speech_normal_566188ce.wav,,
fsd50k_speech_normal_576fefc9,speech_normal,0.0,1.099,D:\IUH_K18\HK1N5\KLTN\audio-security-rag\data\interim\normalized\speech_normal\fsd50k_speech_normal_576fefc9.wav,,
fsd50k_speech_normal_5a5960f6,speech_normal,0.0,1.985,D:\IUH_K18\HK1N5\KLTN\audio-security-rag\data\interim\normalized\speech_normal\fsd50k_speech_normal_5a5960f6.wav,,
fsd50k_speech_normal_5b9d918f,speech_normal,0.0,3.419,D:\IUH_K18\HK1N5\KLTN\audio-security-rag\data\interim\normalized\speech_normal\fsd50k_speech_normal_5b9d918f.wav,,
fsd50k_speech_normal_5d1e9e9c,speech_normal,0.0,1.643,D:\IUH_K18\HK1N5\KLTN\audio-security-rag\data\interim\normalized\speech_normal\fsd50k_speech_normal_5d1e9e9c.wav,,
fsd50k_speech_normal_663c791e,speech_normal,0.0,1.29,D:\IUH_K18\HK1N5\KLTN\audio-security-rag\data\interim\normalized\speech_normal\fsd50k_speech_normal_663c791e.wav,,
fsd50k_speech_normal_686f242d,speech_normal,0.0,0.523,D:\IUH_K18\HK1N5\KLTN\audio-security-rag\data\interim\normalized\speech_normal\fsd50k_speech_normal_686f242d.wav,,
fsd50k_speech_normal_6be25c61,speech_normal,0.0,2.32,D:\IUH_K18\HK1N5\KLTN\audio-security-rag\data\interim\normalized\speech_normal\fsd50k_speech_normal_6be25c61.wav,,
fsd50k_speech_normal_6ca4b0e4,speech_normal,0.0,4.655,D:\IUH_K18\HK1N5\KLTN\audio-security-rag\data\interim\normalized\speech_normal\fsd50k_speech_normal_6ca4b0e4.wav,,
fsd50k_speech_normal_6e1815aa,speech_normal,0.0,0.813,D:\IUH_K18\HK1N5\KLTN\audio-security-rag\data\interim\normalized\speech_normal\fsd50k_speech_normal_6e1815aa.wav,,
fsd50k_speech_normal_7065a271,speech_normal,0.0,0.714,D:\IUH_K18\HK1N5\KLTN\audio-security-rag\data\interim\normalized\speech_normal\fsd50k_speech_normal_7065a271.wav,,
fsd50k_speech_normal_71ade30c,speech_normal,0.0,1.277,D:\IUH_K18\HK1N5\KLTN\audio-security-rag\data\interim\normalized\speech_normal\fsd50k_speech_normal_71ade30c.wav,,
fsd50k_speech_normal_77552673,speech_normal,0.0,0.837,D:\IUH_K18\HK1N5\KLTN\audio-security-rag\data\interim\normalized\speech_normal\fsd50k_speech_normal_77552673.wav,,
fsd50k_speech_normal_77ec5643,speech_normal,1.548,4.453,D:\IUH_K18\HK1N5\KLTN\audio-security-rag\data\interim\normalized\speech_normal\fsd50k_speech_normal_77ec5643.wav,,
fsd50k_speech_normal_78008f1e,speech_normal,0.0,0.519,D:\IUH_K18\HK1N5\KLTN\audio-security-rag\data\interim\normalized\speech_normal\fsd50k_speech_normal_78008f1e.wav,,
fsd50k_speech_normal_7b3df563,speech_normal,0.0,1.805,D:\IUH_K18\HK1N5\KLTN\audio-security-rag\data\interim\normalized\speech_normal\fsd50k_speech_normal_7b3df563.wav,,
fsd50k_speech_normal_7c0e891d,speech_normal,1.548,3.246,D:\IUH_K18\HK1N5\KLTN\audio-security-rag\data\interim\normalized\speech_normal\fsd50k_speech_normal_7c0e891d.wav,,
fsd50k_speech_normal_7d87d847,speech_normal,0.0,1.477,D:\IUH_K18\HK1N5\KLTN\audio-security-rag\data\interim\normalized\speech_normal\fsd50k_speech_normal_7d87d847.wav,,
fsd50k_speech_normal_82d80b3e,speech_normal,0.0,0.684,D:\IUH_K18\HK1N5\KLTN\audio-security-rag\data\interim\normalized\speech_normal\fsd50k_speech_normal_82d80b3e.wav,,
fsd50k_speech_normal_85d2035b,speech_normal,0.0,2.655,D:\IUH_K18\HK1N5\KLTN\audio-security-rag\data\interim\normalized\speech_normal\fsd50k_speech_normal_85d2035b.wav,,
fsd50k_speech_normal_85d4200a,speech_normal,0.0,5.487,D:\IUH_K18\HK1N5\KLTN\audio-security-rag\data\interim\normalized\speech_normal\fsd50k_speech_normal_85d4200a.wav,,
fsd50k_speech_normal_87a3a057,speech_normal,0.0,0.684,D:\IUH_K18\HK1N5\KLTN\audio-security-rag\data\interim\normalized\speech_normal\fsd50k_speech_normal_87a3a057.wav,,
fsd50k_speech_normal_8c7c360d,speech_normal,0.0,0.473,D:\IUH_K18\HK1N5\KLTN\audio-security-rag\data\interim\normalized\speech_normal\fsd50k_speech_normal_8c7c360d.wav,,
fsd50k_speech_normal_8fe6da0f,speech_normal,0.0,1.5,D:\IUH_K18\HK1N5\KLTN\audio-security-rag\data\interim\normalized\speech_normal\fsd50k_speech_normal_8fe6da0f.wav,,
fsd50k_speech_normal_99a70b03,speech_normal,0.0,1.007,D:\IUH_K18\HK1N5\KLTN\audio-security-rag\data\interim\normalized\speech_normal\fsd50k_speech_normal_99a70b03.wav,,
fsd50k_speech_normal_9ad5fd53,speech_normal,0.0,2.0,D:\IUH_K18\HK1N5\KLTN\audio-security-rag\data\interim\normalized\speech_normal\fsd50k_speech_normal_9ad5fd53.wav,,
fsd50k_speech_normal_9b7040a5,speech_normal,0.0,1.705,D:\IUH_K18\HK1N5\KLTN\audio-security-rag\data\interim\normalized\speech_normal\fsd50k_speech_normal_9b7040a5.wav,,
fsd50k_speech_normal_9c6977d8,speech_normal,0.0,0.604,D:\IUH_K18\HK1N5\KLTN\audio-security-rag\data\interim\normalized\speech_normal\fsd50k_speech_normal_9c6977d8.wav,,
fsd50k_speech_normal_a4523457,speech_normal,2.83,4.85,D:\IUH_K18\HK1N5\KLTN\audio-security-rag\data\interim\normalized\speech_normal\fsd50k_speech_normal_a4523457.wav,,
fsd50k_speech_normal_a6cd172b,speech_normal,0.0,0.618,D:\IUH_K18\HK1N5\KLTN\audio-security-rag\data\interim\normalized\speech_normal\fsd50k_speech_normal_a6cd172b.wav,,
fsd50k_speech_normal_a7b417c7,speech_normal,0.0,0.806,D:\IUH_K18\HK1N5\KLTN\audio-security-rag\data\interim\normalized\speech_normal\fsd50k_speech_normal_a7b417c7.wav,,
fsd50k_speech_normal_ad660dfc,speech_normal,0.0,1.197,D:\IUH_K18\HK1N5\KLTN\audio-security-rag\data\interim\normalized\speech_normal\fsd50k_speech_normal_ad660dfc.wav,,
fsd50k_speech_normal_b892f4cb,speech_normal,0.0,6.764,D:\IUH_K18\HK1N5\KLTN\audio-security-rag\data\interim\normalized\speech_normal\fsd50k_speech_normal_b892f4cb.wav,,
fsd50k_speech_normal_c0ab5990,speech_normal,0.0,0.965,D:\IUH_K18\HK1N5\KLTN\audio-security-rag\data\interim\normalized\speech_normal\fsd50k_speech_normal_c0ab5990.wav,,
fsd50k_speech_normal_c15e3113,speech_normal,0.0,0.708,D:\IUH_K18\HK1N5\KLTN\audio-security-rag\data\interim\normalized\speech_normal\fsd50k_speech_normal_c15e3113.wav,,
fsd50k_speech_normal_cfb0099d,speech_normal,0.0,3.547,D:\IUH_K18\HK1N5\KLTN\audio-security-rag\data\interim\normalized\speech_normal\fsd50k_speech_normal_cfb0099d.wav,,
fsd50k_speech_normal_d899520e,speech_normal,0.0,1.747,D:\IUH_K18\HK1N5\KLTN\audio-security-rag\data\interim\normalized\speech_normal\fsd50k_speech_normal_d899520e.wav,,
fsd50k_speech_normal_dc97a763,speech_normal,0.0,1.027,D:\IUH_K18\HK1N5\KLTN\audio-security-rag\data\interim\normalized\speech_normal\fsd50k_speech_normal_dc97a763.wav,,
fsd50k_speech_normal_dd866960,speech_normal,0.0,2.038,D:\IUH_K18\HK1N5\KLTN\audio-security-rag\data\interim\normalized\speech_normal\fsd50k_speech_normal_dd866960.wav,,
fsd50k_speech_normal_e1465814,speech_normal,0.0,3.058,D:\IUH_K18\HK1N5\KLTN\audio-security-rag\data\interim\normalized\speech_normal\fsd50k_speech_normal_e1465814.wav,,
fsd50k_speech_normal_e752ca7a,speech_normal,0.0,3.0,D:\IUH_K18\HK1N5\KLTN\audio-security-rag\data\interim\normalized\speech_normal\fsd50k_speech_normal_e752ca7a.wav,,
fsd50k_speech_normal_e7bf6f52,speech_normal,0.0,1.007,D:\IUH_K18\HK1N5\KLTN\audio-security-rag\data\interim\normalized\speech_normal\fsd50k_speech_normal_e7bf6f52.wav,,
fsd50k_speech_normal_e8b8c30e,speech_normal,0.0,1.105,D:\IUH_K18\HK1N5\KLTN\audio-security-rag\data\interim\normalized\speech_normal\fsd50k_speech_normal_e8b8c30e.wav,,
fsd50k_speech_normal_ea807b62,speech_normal,5.708,9.007,D:\IUH_K18\HK1N5\KLTN\audio-security-rag\data\interim\normalized\speech_normal\fsd50k_speech_normal_ea807b62.wav,,
fsd50k_speech_normal_ef1b0395,speech_normal,0.0,2.602,D:\IUH_K18\HK1N5\KLTN\audio-security-rag\data\interim\normalized\speech_normal\fsd50k_speech_normal_ef1b0395.wav,,
fsd50k_speech_normal_f3684954,speech_normal,0.0,3.927,D:\IUH_K18\HK1N5\KLTN\audio-security-rag\data\interim\normalized\speech_normal\fsd50k_speech_normal_f3684954.wav,,
fsd50k_speech_normal_f6784809,speech_normal,1.228,2.925,D:\IUH_K18\HK1N5\KLTN\audio-security-rag\data\interim\normalized\speech_normal\fsd50k_speech_normal_f6784809.wav,,
fsd50k_speech_normal_f6f74dc0,speech_normal,0.0,3.0,D:\IUH_K18\HK1N5\KLTN\audio-security-rag\data\interim\normalized\speech_normal\fsd50k_speech_normal_f6f74dc0.wav,,
fsd50k_speech_normal_f8eb3994,speech_normal,0.0,1.875,D:\IUH_K18\HK1N5\KLTN\audio-security-rag\data\interim\normalized\speech_normal\fsd50k_speech_normal_f8eb3994.wav,,
fsd50k_speech_normal_fb037445,speech_normal,0.0,0.728,D:\IUH_K18\HK1N5\KLTN\audio-security-rag\data\interim\normalized\speech_normal\fsd50k_speech_normal_fb037445.wav,,
fsd50k_speech_normal_fcbf426d,speech_normal,0.0,0.725,D:\IUH_K18\HK1N5\KLTN\audio-security-rag\data\interim\normalized\speech_normal\fsd50k_speech_normal_fcbf426d.wav,,
fsd50k_speech_normal_ff26bff9,speech_normal,0.0,0.823,D:\IUH_K18\HK1N5\KLTN\audio-security-rag\data\interim\normalized\speech_normal\fsd50k_speech_normal_ff26bff9.wav,,
